出会い	であい	相遇	名词
助かる	たすかる	获得帮助；得救	动1
すっかり	すっかり	完全,彻底	副词
街	まち	街道；城镇	名词
変化	へんか	变化	名词
ついていく	ついていく	跟上，跟上去	动1
高層	こうそう	高层	名词
高層～	こうそうピル	高楼，大厦	名词
辺	へん	一带，附近	名词
ニューヨーク	ニューヨーク	纽约	专有词
失礼ですが	しつれいですが	对不起	惯用语
感じがします	かんじがします	感觉，觉得	惯用语
転勤になる	てんきんになる	调动工作，调换工作地点	惯用语
ちょっと	ちょっと	哎，劳驾；有点，稍微；有点儿… ，不太… 	副词
おじさん	おじさん	大爷，大叔；伯伯，叔叔，舅舅	名词
お姉さん	おねえさん	姐姐	名词
自動～	じどうドア	自动门	名词
目覚まし時計	めざましどけい	闹钟	名词
お父さん	おとうさん	父亲，爸爸	名词
不思議	ふしぎ	不可思议，奇怪	形容动词
駅弁	えきべん	车站卖的盒饭	名词
あめ	あめ	糖	名词
なめる	なめる	舔，含	动2
中学校	ちゅうがっこう	初级中学，初中	名词
テスト	テスト	考试，测验，测试	名词
涙	なみだ	眼泪，泪	名词
首都	しゅと	首都	名词
救急車	きゅうきゅうしゃ	急救车，救护车	名词
ふた	ふた	盖子，盖	名词
広げる	ひろげる	展开，扩大，扩展	动2
沸く	わく	沸腾，烧开	动1
沸かす	わかす	烧热，烧开	动1
タオル	タオル	毛巾	名词
乾かす	かわかす	弄干，晾干	名词
上海保険	シャンハイほけん	上海保险公司	专有词
大川	おおかわ	大川	专有词
～大使館	スペインたいしかん	西班牙大使馆	专有词
上海公司	シャンハイコンス	上海公司	专有词
アフリカ	アフリカ	非洲	专有词
長崎	ながさき	长崎	专有词
牧場	ぼくじょう	牧场	名词
辺り	あたり	周围，附近	名词
私鉄	してつ	私营铁路	名词
公営	こうえい	公营	名词
ジャパンレールウェイズ	ジャパンレールウェイズ	日本铁路	专有词
略	りゃく	略．简略	名词
国営	こくえい	国营	名词
民営	みんえい	民营	名词
路線	ろせん	线路	名词
主要	しゅよう	主要	形容动词
都市	とし	城市．都市	名词
時速	じそく	时速	名词
東海道	とうかいどう	东海道	专有词
山陽	さんよう	山阳	专有词
東北	とうほく	东北	专有词
九州	きゅうしゅう	九州	专有词
延びる	のびる	延伸，延长	动2
民間	みんかん	民间	名词
経営～	けいえいする	经营	动3
また	また	另外．又．再．也	连接词
地方自治体	ちほうじちたい	地方自治团体	名词
実用	じつよう	实用	名词
運行	うんこう	运行	名词
方向	ほうこう	方向	名词
表す	あらわす	表示，表现，表达	形容动词
上り	のぼり	上，上行	名词
下り	くだり	下．下行	名词
本州	ほんしゅう	本州	专有词
地方	ちほう	地方	名词
方面	ほうめん	方向，方面	名词
こんな	こんな	这样的	形容动词
なぞなぞ	なぞなぞ	谜语	名词
答え	こたえ	回答．答案	名词
宮保蝦仁	ゴンバオシャーレン	宫保虾仁	名词
エビ	エビ	虾仁，虾	名词
ビーナッツ	ビーナッツ	花生米	名词
唐辛子	とうがらし	辣椒	名词
炒める	いためる	炒	动2
～料理	おせちりょうり	新年饭菜	名词
正月	しょうがつ	正月；新年	名词
お祝い	おいわい	庆贺，祝贺	名词
幸運	こううん	幸运．好运，侥幸	名词
訪れる	おとずれる	到来．来临．访问	动2
育てる	そだてる	养育，抚育，培养	动2
国際	こくさい	国际	名词
消極的	しょうきょくてき	消极，负面	形容动词
積極的	せっきょくてき	积极．正面	形容动词
抽象的	ちゅうしょうてき	抽象	形容动词
アジア	アジア	亚洲	专有词
ひも	ひも	带（子），细绳	名词
思い出	おもいで	回忆；往事	名词
化石	かせき	化石	名词
現代	げんだい	现代，现今．当代	名词
事件	じけん	事件．案件	名词
金持ち	かねもち	有钱人．富人	名词
進歩	しんぽ	进步	名词
感激	かんげき	感激，感动	名词
近代	きんだい	近代．现代	名词
電子	でんし	电子	名词
高齢	こうれい	高龄，老龄	名词
デジタル	デジタル	数码，数字	名词
IT	アイティー	IT ．电子技术	名词
建設～	けんせつする	修建，建设	动3
上る	のぼる	上，登；进京	动1
下る	くだる	下，下去：到地方去	动1
通行止め	つうこうどめ	禁止通行	名词
このような	このような	像这样的	连接词
これら	これら	这些	代词
秘密	ひみつ	秘密	名词
国際連合	こくさい れんごう	联合国	专有词
国連	こくれん	联合国	专有词
全国人民代表大会	ぜんこくじんみんだいひょうたいかい	全国人民代表大会	专有词
全人代	ぜんじんだい	全国人民代表大会	专有词
WTO	ダブリューティーオー	WTO．世界贸易组织	专有词
世界貿易機関	せかいぼうえききかん	世界贸易组织	专有词
レール	レール	铁轨．钢轨．轨道	名词
溶く	とく	调拌，调开，溶解	动1
傑作	けっさく	杰作	名词
優れる	すぐれる	优秀，卓越	动2
運河	うんが	运河	名词
杭州	こうしゅう	杭州	专有词
流れる	ながれる	流．流动．流淌	动2
レジャー	レジャー	业余时间的娱乐；余暇．空闲	名词
伝統	でんとう	传统	名词
芸能	げいのう	演艺．文艺，曲艺	名词
予算	よさん	预算	名词
効果	こうか	功效；效果	名词
競争	きょうそう	竞争	名词
本格	ほんかく	正式；原则．正规	名词
文房具	ぶんぼうぐ	文具	名词
コショウ	コショウ	胡椒	名词
調味料	ちょうみりょう	佐料，调味品	名词
環境保護	かんきょうほご	环境保护．环保	名词
注目～	ちゅうもくする	注目．注视	动3
活動	かつどう	活动	名词
通信手段	つうしんしゅだん	通讯手段	名词
科目	かもく	科目	名词
大山	おおやま	大山	专有词
プロジェクト	プロジェクト	项目，计划，企划	名词
ごぶさたする	ごぶさたする	好久不见，久疏问候	惯用语
その節	そのせつ	那时，那次	名词
この間	このあいだ	前些天，最近	名词
結構	けっこう	很好，优秀；足够；不必	形容动词
寒さ	さむさ	寒冷	名词
凍る	こおる	结冰，结冻	动1
よく	よく	竟能，居然；好好地；常常	副词
平和	へいわ	和平	形容动词
休暇	きゅうか	休假，放假	名词
サイン	サイン	签名，签字，署名；暗号，信号	名词
指輪	ゆびわ	戒指，指环	名词
若者	わかもの	年轻人	名词
順調	じゅんちょう	顺利，良好	形容动词
若さ	わかさ	年轻	名词
懐かしい	なつかしい	怀念，留恋	形容词
嫌	いや	讨厌，厌烦	形容动词
愛	あい	爱	名词
ありがたい	ありがたい	珍贵，难得；值得感谢	形容词
御ちそう様でした	ごちそうさまでした	谢谢热情款待	惯用语
申し訳ありません	もうしわけありません	对不起，抱歉	惯用语
では，これで	では，これで	那就这样吧	惯用语
礼儀	れいぎ	礼仪，礼节，礼貌	名词
腰	こし	腰	名词
傾ける	かたむける	倾，倾斜；倾注	动2
角度	かくど	角度	名词
首	くび	头，脑袋：脖子	名词
曲げる	まげる	弄弯，歪曲	动2
初対面	しょたいめん	初次见面	名词
名刺	めいし	名片	名词
受け取る	うけとる	接，接收，接受	动1
決まり	きまり	规定，规矩；决定	名词
目上	めうえ	尊长，上司，长	名词
次に	つぎに	其次，接着	接续词
両手	りょうて	双手，两手	名词
個人	こじん	私人，个人	名词
場	ば	场合；场面；场所	名词
年	とし	年龄，岁数	名词
不快	ふかい	不快，不高兴	形容动词
印象	いんしょう	印象	名词
与える	あたえる	给，给予，给与	动2
こもる	こもる	充满，包含	动1
予想	よそう	预料，预计，预想	名词
伝わる	つたわる	传，传达；传摇，流传	动1
いくら～ても	いくら～ても	不管怎么也…也，无论怎么…都	惯用语
ゴム	ゴム	橡胶	名词
製造	せいぞう	制造，生产	名词
加工	かこう	加工	名词
片手	かたて	单手，一只手	名词
栄養	えいよう	营养	名词
確認する	かくにんする	确认，核实	动3
年齢	ねんれい	年龄	名词
離れる	はなれる	相隔，距离；分离，离开	动2
年寄り	としより	老年人，老人	名词
譲る	ゆずる	让，让给；转让	动1
及ぶ	およぶ	达，及	动1
案	あん	办法，方案；预想，意料	名词
あきれる	あきれる	惊愕，愕然，目瞪口呆	动2
あんな	あんな	那样，那种	连接词
かわいそう	かわいそう	可怜	形容动词
近所迷惑	きんじょめいわく	打扰邻里	名词
メンバー	メンバー	成员，队员	名词
思い	おもい	情感，感情；想法	名词
真心	まごころ	诚心，真心，诚意	名词
こめる	こめる	饱含，包括，包含；集中	动2
経つ	たつ	(时间)过，流逝，消逝	动1
赤ん坊	あかんぼう	婴儿	名词
どんなに	どんなに	怎样，怎么
どれだけ	どれだけ	怎么，多么
いかに	いかに	怎样，怎么
ファン	ファン	～迷，崇拜者	名词
市民	しみん	市民	名词
気分転換	きぶんてんかん	转换心情	名词
あらゆる	あらゆる	所有，一切	连接词
示す	しめす	表现出，表示；出示	动1
笑顔	えがお	笑脸	名词
事実	じじつ	事实	名词
無駄使い	むだづかい	浪费，滥用	名词
食塩	しょくえん	食盐	名词
紫外線	しがいせん	紫外线	名词
わずか	わずか	很少，一点点，仅仅	形容动词
わがまま	わがまま	任性，恣意	形容动词
付き合う	つきあう	交往，来往	动1
怠ける	なまける	懒悄，懈怠	动2
支社	ししゃ	分公司，分社	名词
含める	ふくめる	包括，含有，包含	动2
野田	のだ	野田	专有词
理恵	りえ	理惠	专有词
主	おも	主要，重要	名词
風	ふう	风	专有词
王様	おうさま	国王，大王	名词
ホームページ	ホームページ	网页，主页	名词
中井	なかい	中并	专有词
加わる	くわわる	参加，加，添加，增添	动1
浙江省	せっこうしょう	浙江省	专有词
紹興	しょうこう	绍兴	专有词
紹興酒	しょこうしゅ	绍兴酒	专有词
今でも	いまでも	至今，现在还…	名词
スモモ	スモモ	李，李子	名词
主任	しゅにん	主任	名词
ヨット	ヨット	游艇，帆船	名词
定員	ていいん	定员，规定人数	名词
バター	バター	黄油	名词
初級	しょきゅう	初级	名词
人生	じんせい	人生	名词
役割	やくわり	任务，职资；角色；作用	名词
個性	こせい	个性	名词
尊重する	そんちょうする	尊重	动3
赴任する	ふにんする	赴任，上任	动3
辛い	つらい	难受，痛苦，难过；艰苦；为难	形容词
決定	けってい	决定	名词
不満	ふまん	不满	名词
博物館	はくぶつかん	博物馆	名词
現在	げんざい	现在	名词
今まで	いままで	现在为止，以前，此前	名词
これからお世話になります	これからおせわになります	往后（今后）请多费心	惯用语
よろしくお願い申し上げます	よろしくおねがいもうしあげます	请多关照	惯用语
はじめ	はじめ	初	专有词
技術開発	ぎじゅつかいはつ	技术开发	名词
響子	きょうこ	响子	专有词
小川	おがわ	小川	专有词
明	あきら	明	专有词
天津	てんしん	天津	专有词
品質管理	ひんしつかんり	品质管理	名词
建	けん	建	专有词
燕	えん	燕	专有词
ツバメ	ツバメ	燕子	名词
北	きた	北	专有词
雲	うん	云	专有词
南北	なんぼく	南北	名词
雲	くも	云	名词
韓	かん	韩	专有词
九力	きゅうりき	九力	专有词
数字	すうじ	数字	名词
力	ちから	力，力气，力量	名词
日中病院	にっちゅうびょういん	日中病院	专有词
看護師	かんごし	护士	名词
東東新聞	とうとうしんぶん	东东新闻	专有词
記者	きしゃ	记者	名词
通訳	つうやく	翻译，口译	名词
所長	しょちょう	所长	名词
馬	うま	马	名词
現代美術	げんだいびじゅつ	现代美术	名词
ざっと	ざっと	粗略地；一下子，很快；（流水声）哗啦	副词
名字	みょうじ	姓，姓氏	名词
姓	せい	姓	名词
名	な	名	名词
両方	りょうほう	两者，双方；两边	名词
指す	さす	指，指示	动1
明治	めいじ	明治	专有词
当時	とうじ	当时	名词
政府	せいふ	政府	名词
国民	こくみん	国民	名词
武士	ぶし	武士	名词
貴族	きぞく	贵族	名词
人々	ひとびと	人们；每个人	名词
地名	ちめい	地名	名词
地形	ちけい	地形	名词
林	はやし	林，树林	名词
関係する	かんけいする	有关系，关系，关联	动3
谷	たに	山谷，山沟	名词
中谷	なかたに	中古	专有词
杉	すぎ	杉树	名词
大杉	おおすぎ	大杉	专有词
それでも	それでも	即使那样，尽管如此，可是	连接词
多民族国家	たみんぞくこっか	多民族国家	名词
数	かず	数量，数目	名词
一方	いっぽう	另一方面；一方面	连接词
人数	にんずう	人数	名词
寺	てら	寺庙，寺院	名词
駅員	えきいん	车站工作人员，站务员	名词
閉店する	へいてんする	(商店)关门	动3
昭和	しょうわ	昭和	专有词
平成	へいせい	平成	专有词
年号	ねんごう	年号	名词
大正	たいしょう	大正	专有词
あきらめる	あきらめる	放弃，断念，死心	动2
受験	じゅけん	考试，应试	名词
無視する	むしする	忽视，无视	动3
夜間学校	やかんがっこう	夜校	名词
敬語	けいご	敬语	名词
上回る	うわまわる	超过，超出	动1
下回る	したまわる	不够……水平，在……一下	动1
父親	ちちおや	 父亲	名词
亡くなる	なくなる	去世，死亡	动1
業績	ぎょうせき	业绩；成绩	名词
入場者	にゅうじょうしゃ	入场者，进入~的人	名词
零下	れいか	零下	名词
外国語	がいこくご	外语	名词
石油	せきゆ	石油	名词
サウジアラビア	サウジアラビア	沙特阿拉伯	专有词
発展する	はってんする	发展；扩展	动3
環境破壊	かんきょうはかい	环境破坏	名词
深刻	しんこく	严肃，严重；深刻	形容动词
試す	ためす	试；尝试；试验	动1
祖父	そふ	祖父，外祖父	名词
見舞い	みまい	探望，慰问，问候	名词
仲良く	なかよく	亲密，友好	副词
ガソリン	ガソリン	汽油	名词
警察	けいさつ	公安局；警察	名词
交通規則	こうつうきそく	交通规则，交通规章	名词
サラリーマン	サラリーマン	工薪族，工薪职员	名词
北極	ほっきょく	北极	专有词
氷	こおり	冰	名词
溶ける	とける	融化；消融；溶化；熔化	动2
喫煙	きつえん	吸烟	名词
中学生	ちゅうがくせい	中学生	名词
学習する	がくしゅうする	学习	动3
本社	ほんしゃ	总部，总公司，本部	名词
青木	あおき	青木	专有词
担当者	たんとうしゃ	负责人，责任人，担当者	名词
要望	ようぼう	迫切要求，迫切期望	名词
推薦する	すいせんする	推荐	动3
事情	じじょう	情况；缘故，缘由	名词
かまわない	かまわない	没关系	惯用语
そのように	そのように	那样	惯用语
関係がある	かんけいがある	有关系	惯用语
豆	まめ	豆，大豆	名词
ダム	ダム	水库，大坝	名词
体長	たいちょう	体长，身长	名词
研究室	けんきゅうしつ	研究室	名词
建築	けんちく	建筑	名词
学科	がっか	学科，专业，科目	名词
進学する	しんがくする	升学	动3
太陽	たいよう	日头，太阳	名词
沈む	しずむ	落山；沉没；消沉	动1
ブドウ	ブドウ	葡萄	名词
家庭	かてい	家庭，家	名词
侵入する	しんにゅうする	闯入，侵入	动3
トラック	トラック	卡车	名词
免許	めんきょ	驾照，执照，许可证	名词
疲れ	つかれ	劳累，疲劳，劳顿	名词
急病	きゅうびょう	突然得病，急病	名词
想像	そうぞう	想象，设想	名词
がっかりする	がっかりする	失望，灰心丧气	动3
激しい	はげしい	激烈，剧烈，厉害	形容词
サンプル	サンプル	样品，样板，标本	名词
でき上がる	できあがる	做好，完成	动1
注文	ちゅうもん	订货，订购；点菜	名词
くやしい	くやしい	懊恼，懊悔，遗憾	形容词
契約	けいやく	契约，合同	名词
新人研修	しんじんけんしゅう	新员工培训	名词
顔色	かおいろ	脸色，表情	名词
近年	きんねん	近年来，近些年	名词
かつて	かつて	过去，以前，曾经	副词
深夜	しんや	深夜	名词
休日出勤	きゅうじつしゅっきん	节假日上班	名词
当たり前	あたりまえ	当然，理所当然	形容动词
週休二日制	しゅうきゅうふつかせい	双休日制度	名词
導入する	どうにゅうする	引进，引入，导入	动1
労働	ろうどう	劳动	名词
減らす	へらす	减少，减轻	动1
取り組み	とりくみ	措施，举措，努力	名词
実施する	じっしする	实施，施行	动3
国家	こっか	国家	名词
公務員	こうむいん	公务员	名词
制度	せいど	制度	名词
パーセント	パーセント	百分比	名词
フレックスタイム制度	フレックスタイムせいど	弹性工作时间制度	名词
退勤	たいきん	下班	名词
労働者	ろうどうしゃ	劳动者，工人	名词
バランス	バランス	平衡，均衡	名词
設ける	もうける	制定，设置，设立	动2
育児休暇	いくじきゅうか	育婴休假，产假	名词
ほとんど	ほとんど	基本上，几乎	名词
得る	える	得到，取得	动2
出世	しゅっせ	晋升，出人头地，出息，发迹	名词
妨げ	さまたげ	 妨碍，妨害	名词
比べる	くらべる	 相比，比较，对比	动2
追う	おう	追，赶；催逼	动1
これまで　	これまで　	以往，此前
見られる	みられる	出现，能看到	动2
時間に追われる	じかんにおわれる	被时间追赶
かって	かって	 过去，以前，曾经	副词
連想する	れんそうする	联想	动3
環境問題	かんきょうもんだい	环境问题	名词
食器	しょっき	餐具	名词
扱う	あつかう	经营；对待，处理	动1
増加する	ぞうかする	增加	动3
急激	きゅうげき	急剧，急速	形容动词
生活習慣病	せいかつしゅうかんびょう	生活习惯病，成人病	名词
農業	のうぎょう	农业	名词
盛ん	さかん	兴盛，旺盛，热烈	形容动词
工業	こうぎょう	工业	名词
保つ	たもつ	保持，维持；保，保住	动1
崩れる	くずれる	崩溃，毁坏	动2
失う	うしなう	失去，丧失	动1
収支	しゅうし	收支	名词
直前	ちょくぜん	即将……之前；正前面	名词
細かい	こまかい	细小，细致，琐碎	形容词
点	てん	点，方面	名词
疑問	ぎもん	疑问	名词
予測	よそく	预测	名词
Uターン現象	ユーターンげんしょう	调头现象	名词
Ｉターン現象	アイターンげんしょう	单行现象	名词
代表的	だいひょうてき	有代表性的	形容动词
夏目漱石	なつめそうせき	夏目漱石	专有词
職業	しょくぎょう	职业	名词
アナウンサー	アナウンサー	播音员，广播员	名词
作曲家	さっきょくか	作曲家	名词
和室	わしつ	日式房间	名词
住宅	じゅうたく	住宅	名词
半年	はんとし	半年	名词
脳	のう	脑，大脑	名词
働き	はたらき	作用，功能；工作	名词
解明する	かいめいする	弄清楚，讲清楚，阐明	动3
景気	けいき	市场情况，商业状况，景气	名词
回復する	かいふくする	恢复；康复	动3
迫る	せまる	接近，迫近，临近	动1
俳優	はいゆう	演员	名词
リサイクル	リサイクル	再利用，循环使用	名词
意識	いしき	意识	名词
長期	ちょうき	长期	名词
国内旅行	こくないりょこう	国内旅行	名词
電気製品	でんきせいひん	电器	名词
コンテスト	コンテスト	比赛，会演	名词
最高賞	さいこうしょう	最高奖	名词
受賞する	じゅしょうする	获奖，得奖	动3
きっかけ	きっかけ	机会，开端，契机	名词
金星	きんせい	金星	名词
金星	きんぼし	非凡功绩，大功	名词
星	ほし	行星，星星	名词
相撲	すもう	相扑，日式摔跤	名词
位	くらい	地位，职位，官位	名词
力士	りきし	力士	名词
横綱	よこづな	横纲(相扑最高级别)	名词
ボトル	ボトル	瓶子，酒瓶	名词
間違いない	まちがいない	一定，肯定，没错	形容词
金星をあげる	きんぼしをあげる	成就非凡功绩，获得金星	惯用语
さて	さて	那么	连接词
けれども	けれども	不过，可是，但是，然而	连接词
あと	あと	另外，然后；还(差)……，再……	连接词
で	で	那么	连接词
結果	けっか	结果	名词
最大	さいだい	最大	名词
最小	さいしょう	最小	名词
最低	さいてい	最低	名词
最適	さいてき	最合适，最适合	形容动词
最愛	さいあい	最爱	名词
手がかり	てがかり	线索	名词
頼り	たより	依靠，依据；借助的东西	名词
残す	のこす	留下，剩下	动1
ナイフ	ナイフ	刀子，小刀，餐刀，水果刀	名词
解決する	かいけつする	解决	动3
柔道	じゅうどう	柔道	名词
由来する	ゆらいする	来源于，由来	动3
ポルトガル語	ポルトガルご	葡萄牙语	名词
瓶	びん	瓶子	名词
ワンピース	ワンピース	连衣裙	名词
体操	たいそう	体操	名词
1人1人	ひとりひとり	每个人，各自	名词
税金	ぜいきん	税金	名词
収める	おさめる	缴纳，交纳；结束，完毕	动2
義務	ぎむ	义务	名词
相違	そうい	不同，相异	名词
ガイドブック	ガイドブック	旅行指南；参考手册	名词
豊富	ほうふ	丰富	形容动词
伸びる	のびる	增加，扩大；伸展，变长	动2
決心	けっしん	决心，决意	名词
ピアニスト	ピアニスト	钢琴家	名词
スタイル	スタイル	体型，身材；形式	名词
夜景	やけい	夜景	名词
暴力	ぼうりょく	暴力	名词
違いない	ちがいない	没错	惯用语
相違ない	そういない	没有区别	惯用语
語彙	ごい	词，词汇	名词
単語	たんご	词汇，单词	名词
元	もと	原来，本来；根源，起源	名词
分類する	ぶんるいする	划分，分类	动3
和語	わご	和语词	名词
漢語	かんご	汉语词	名词
外来語	がいらいご	外来词	名词
混種語	こんしゅご	混合词	名词
分ける	わける	分，分开，分解	动2
もともと	もともと	原本，本来，根本	副词
取り入れる	とりいれる	引进，引入，采用	动2
音読み	おんよみ	音读	名词
基づく	もとづく	依据，根据，基于	动1
西洋	せいよう	西方，西洋	名词
中心	ちゅうしん	中心	名词
片仮名	かたかな	片假名	名词
うち	うち	之中，当中	名词
組み合わせる	くみあわせる	组合，编到一起	动2
生物	せいぶつ	生物	名词
動物	どうぶつ	动物	名词
植物	しょくぶつ	植物	名词
総称	そうしょう	总称	名词
生物	なまもの	生的(食品)，生鲜(食品)	名词
煮る	にる	煮，炖，熬，煨，焖	动2
文	ぶん	句，句子；文章	名词
違い	ちがい	不同，区别	名词
宿泊施設	しゅくはくしせつ	住宿设施	名词
たいてい	たいてい	大抵，大都	副词
布団	ふとん	被褥，铺盖	名词
敷く	しく	铺，垫	动1
判断する	はんだんする	判断	动3
元来	がんらい	本来，原来	副词
本来	ほんらい	本来	副词
バイオリン	バイオリン	小提琴	名词
穏やか	おだやか	温和；平稳，平静	形容动词
工場	こうば	作坊，工厂，工场	名词
色紙	しきし	方形厚纸笺	名词
色紙	いろがみ	 彩纸，彩色折叠纸	名词
実話	じつわ	实话	名词
国立	こくりつ	国立	名词
国立大学	こくりつだいがく	国立大学	名词
参加者	さんかしゃ	参加者	名词
賞品	しょうひん	奖品	名词
大部分	だいぶぶん	大部分	名词
関心	かんしん	关心，关怀；感兴趣	名词
発生する	はっせいする	发生	动3
家賃	やちん	房租	名词
イカ	イカ	鱿鱼，墨鱼	名词
コレステロール	コレステロール	胆固醇	名词
食品	しょくひん	食品	名词
広州	こうしゅう	广州	专有词
順番	じゅんばん	顺序，次序	名词
ゲームソフト	ゲームソフト	游戏软件	名词
あくび	あくび	哈欠	名词
人手	ひとで	人手	名词
裁判	さいばん	审判，裁判	名词
実際	じっさい	实际	名词
感動する	かんどうする	感动	动3
活躍する	かつやくする	大显身手，活跃	动3
専門家	せんもんか	专家	名词
言語	げんご	语言，言语	名词
専攻する	せんこうする	专攻，专修	动3
交番	こうばん	派出所；交替	名词
勤務する	きんむする	工作，上班	动3
お巡りさん	おまわりさん	巡警，警察	名词
テーブルクロス	テーブルクロス	桌布，台布	名词
風呂敷	ふろしき	包袱布，包裹布	名词
壁飾り	かべかざり	墙饰	名词
手提げ	てさげ	手提包，手提袋	名词
袋	ふくろ	袋子，口袋	名词
竜虎酒造	りゅうこしゅぞう	龙虎酒业公司	专有词
なんと	なんと	竟然，多么，怎样	副词
キャプテン	キャプテン	队长；首领；船长	名词
ふうん	ふうん	是嘛，嗯	感叹词
信頼する	しんらいする	信赖，相信	动3
お昼	おひる	午饭，午餐	名词
長引く	ながびく	拖延，拖长	动1
熱心	ねっしん	热情，热心	形容动词
面倒	めんどう	照料，麻烦	名词
まさに	まさに	正是，真正是，的确，实在，确实	副词
理想	りそう	理想	名词
面倒を見る	めんどうをみる	照顾，照料	惯用语
それはもう　	それはもう　	可不是嘛，是呀，是啊，那是	惯用语
気になる	きになる	有意，有心；担心，挂念	惯用语
株価	かぶか	股票价格，股价	名词
たった	たった	只，仅	副词
芝居	しばい	戏剧，话剧；演技	名词
了解	りょうかい	知道了；了解，领会；谅解	名词
はいはい	はいはい	是是	感叹词
せき	せき	咳嗽	名词
はやる	はやる	流行，时髦	动1
おしゃれする	おしゃれする	打扮，装饰	动3
面倒くさい	めんどうくさい	非常麻烦	形容词
ハンドバック	ハンドバック	手包	名词
夫	おっと	丈夫	名词
生き残る	いきのこる	幸存，保住性命	动1
奇跡	きせき	奇迹	名词
祭り	まつり	文化节，节日庆祝集会；庙会；节日	名词
倒れる	たおれる	病倒；倒下；倒塌；倒闭	动2
秋葉原	あきはばら	秋叶原	专有词
クイズ番組	クイズばんぐみ	智力竞赛节目	名词
撮影	さつえい	摄影，拍摄	名词
支払い	しはらい	支付，付款	名词
リストラ	リストラ	重组，裁员	名词
解雇する	かいこする	解雇	动3
賛成	さんせい	赞成，同意	名词
アイデア	アイデア	主意，想法，观念	名词
偶然	ぐうぜん	偶然	名词
逆	ぎゃく	相反，反；倒	名词
いとこ	いとこ	(党/表)兄弟，(党/表)姐妹	名词
医療	いりょう	医疗	名词
議論	ぎろん	议论，讨论，争论	名词
さまざま	さまざま	各式各样，形形色色	形容动词
フォーク	フォーク	餐叉，叉子	名词
洋食	ようしょく	西餐	名词
和食	わしょく	日餐，日式饭菜	名词
れんげ	れんげ	汤匙，调羹	名词
おわん	おわん	碗，木碗	名词
持ち上げる	もちあげる	端起，拿起，举起	动2
口	くち	嘴，口	名词
具	ぐ	配料，材料；工具，手段	名词
材料	ざいりょう	材料	名词
地域	ちいき	地域，地区	名词
竹	たけ	竹子	名词
玉	ぎょく	玉，玉器	名词
金属	きんぞく	金属	名词
やや	やや	略显，稍稍，稍微	副词
平ら	たいら	扁平，平，平坦	形容动词
ステンレス	ステンレス	不锈钢	名词
先	さき	最前端，尖儿，前面	名词
とがる	とがる	尖，尖细；紧张；发怒	动1
漆	うるし	生漆，漆；漆器	名词
塗る	ぬる	涂，擦，抹	动1
専用	せんよう	专用	名词
茶わん	ちゃわん	茶杯，饭碗	名词
大皿	おおざら	大盘子	名词
取りばし	とりばし	公用筷子，公筷	名词
正式	せいしき	正规，正式	形容动词
マナー	マナー	礼节，规矩，礼貌	名词
ベトナム	ベトナム	越南	专有词
文化	ぶんか	文化	名词
実に	じつに	实在，的确，确实	副词
ツアー	ツアー	旅游，(短途或时间短的)旅行	名词
欧米	おうべい	欧美，欧洲和美洲	名词
洋室	ようしつ	西式房间	名词
和服	わふく	和服，日式传统服装	名词
和菓子	わがし	日式糕点	名词
洋菓子	ようがし	西式糕点	名词
和式	わしき	日式	名词
洋式	ようしき	西式	名词
和風	わふう	日式风格	名词
洋風	ようふう	西式风格	名词
農村	のうそん	农村	名词
ランニング	ランニング	跑步，赛跑	名词
発泡する	はっぽうスチロール	泡沫苯乙烯	名词
ビニール	ビニール	塑料薄膜，乙烯基	名词
不燃ゴミ	ふねんごみ	非火燃烧垃圾，不可燃垃圾	名词
ジーンズ	ジーンズ	牛仔裤，工装裤	名词
スマート	スマート	苗条；漂亮；洒脱	形容动词
鰻	うなぎ	鳗鱼，鳗鲡	名词
全身	ぜんしん	通体，全身	名词
朝食	ちょうしょく	早餐，早点	名词
バレンタインデー	バレンタインデー	情人节	名词
送る	おくる	赠送，授予	动1
タイミング	タイミング	时机，时候	名词
時期	じき	时期；季节	名词
受講料	じゅこうりょう	听课费，学费	名词
金額	きんがく	金额	名词
離婚	りこん	离婚	名词
理由	りゆう	理由	名词
夫婦	ふうふ	夫妻，夫妇	名词
家庭料理	かていりょうり	家常菜，家常饭菜	名词
対応	たいおう	应答，对应；应付，协调	名词
天候	てんこう	气候	名词
温度	おんど	温度	名词
調整する	ちょうせいする	调解，调整	动3
水道	すいどう	自来水管道	名词
ガス	ガス	天然气，煤气	名词
時刻	じこく	时刻，时间	名词
機能	きのう	功能，机能，作用	名词
食料品	しょくりょうひん	食品	名词
雑貨	ざっか	杂货，日用品	名词
イタリア	イタリア	意大利	专有词
長靴	ながぐつ	靴子，长统靴	名词
新疆	しんきょう	新疆	名词
メロン	メロン	甜瓜，白兰瓜	名词
ラグビーボール	ラグビーボール	橄榄球	名词
砂	すな	沙，沙子	名词
雷鳥	らいちょう	雷鸟	名词
実	み	种子；果实；内容	名词
立てる	たてる	弄响，扬起；立，竖；制定	动2
シーエム	シーエム	广告节目，广告宣传广播	名词
燕醸造	つばめじょうぞう	燕牌酿酒	专有词
参考	さんこう	参考	名词
制作	せいさく	制作	名词
感性	かんせい	感觉．感性	名词
創作	そうさく	创作	名词
創作中華料理	"そうさくちゅうかりょうりコンテストく"	新创中国菜大赛	专有词
募集	ぼしゅうする	征集，寡集，招募	动3
形式	けいしき	形式	名词
審査員	しんさいん	评委，审查人员	名词
ノーストンホテル	ノーストンホテル	诺斯顿饭店	专有词
華晶酒店	かしょうしゅてん	华晶酒店	专有词
スター	スター	明星：星星	名词
話題	わだい	话题，谈话材料	名词
なるほど	なるほど	的确．诚然	感叹词
取り上げる	とりあげる	报道；采纳；拿起	动2
それぞれ	それぞれ	分别．各自	名词
参考	さんこうにする	作为参考
参考	さんこうになる	有参考价值，供参考
話題	わだいになる	成为热门话题．成为谈资
どういう	どういう	什么样的．怎样的	连接词
みっともない	みっともない	不像样，不体面，不成体统	形容词
～料理	イタリアりょうり	意大利菜	名词
トマト	トマト	番茄	名词
ニンニク	ニンニク	大蒜	名词
イべント	イべント	活动，事件．集会	名词
延期	えんきする	延期	动3
花瓶	かびん	花瓶	名词
サンドイッチ	サンドイッチ	三明治	名词
交通網	こうつうもう	交通网络	名词
発達	はったつする	发达	动3
医療	いりょうミス	医疗事故	名词
診察	しんさつ	看病．检查．诊察	名词
宝石	ほうせき	宝石	名词
梅	うめ	梅花，梅，梅树；梅子	名词
転校	てんこうする	转校，转学	动3
女子	じょし	女子．女生，女孩子	名词
方法	ほうほう	方法	名词
トラブル	トラブル	纠纷，事故，故障	名词
ミルク	ミルク	牛奶	名词
販売促進	はんばいそくしん	促销，销售促进	名词
発表	はっぴょう	发表，发布，宣布，揭晓	名词
集合	しゅうごう	集合	名词
改札口	かいさつぐち	检票口	名词
部署	ぶしょ	部署	名词
べテラン	べテラン	老手．行家．里手	名词
研修～	けんしゅうセンター	研修中心	名词
地理	ちり	地理	名词
ひかり	ひかり	光号（新干线列车名）	专有词
作法	さほう	作法．做法	名词
手段	しゅだん	手段	名词
コミュニケーション	コミュニケーション	联系，交流，沟通	名词
件名	けんめい	邮件名，文件名；事件名	名词
用件	ようけん	事．本情	名词
明確	めいかく	明确	形容动词
宛て先	あてさき	收件（信）人地址	名词
株式会社	かぶしきがいしゃ	股份有限责任公司	名词
始め	はじめ	开头，开始	名词
簡潔	かんけつ	简洁	形容动词
要点	ようてん	要点	名词
文字	もじ	文字，字	名词
改行	かいぎょうする	换行	动3
あける	あける	空开．空出	名词
署名	しょめい	署名，签名	名词
所属	しょぞく	工作单位；所属．附属	名词
付き合い	つきあい	交往	名词
演劇	えんげき	戏剧；演戏	名词
雑草	ざっそう	野草，杂草	名词
早起き	はやおき	早起	名词
日の出	ひので	日出	名词
返事	へんじ	回答，答复，回复	名词
相づち	あいづち	随声应答	名词
春巻	はるまき	春卷	名词
日常	にちじょう	平常．日常	名词
強盗	ごうとう	抢劫．强盗	名词
クリーム	クリーム	奶油	名词
ジャム	ジャム	果酱	名词
加える	くわえる	加入，加上．增加	动2
株	かぶ	股票	名词
取り引き	とりひき	交易．买卖	名词
目標	もくひょう	目标	名词
点数	てんすう	分数，得分；件数	名词
テーマ	テーマ	主题．题目．中心思想	名词
基本	きほん	基础．基本	名词
スタート	スタート	开始	名词
ストップ	ストップ	停止	名词
動詞	どうし	动词	名词
常識	じょうしき	常识，常情	名词
思い切り	おもいきり	彻底．痛快；决心．决意	副词
挑戦	ちょうせんする	挑战	动3
近づく	ちかづく	临近．接近，靠近	动1
一応	いちおう	姑且．暂且．先	副词
生産地	せいさんち	产地	名词
非常電話	ひじょうでん	紧急电话	名词
設置	せっちする	设置，安装；设立	动3
ポイント	ポイント	点，点数；要点	名词
たまる	たまる	积攒，积存	动1
指揮者	しきしゃ	指挥，指挥者	名词
演奏	えんそうする	演奏	动3
気にする	きにする	介意．关心．留心	惯用语
キャンペーン	キャンペーン	宣传活动	名词
ターゲット	ターゲット	目标	名词
絞る	しぼる	集中；榨，挤	动1
ほう	ほう	哦，嗬	感叹词
試飲会	しいんかい	品尝会，试饮会	名词
探る	さぐる	探访；探寻；试探	动1
コーナー	コーナー	栏目，专栏；角落；专柜	名词
ピーアール	ピーアール	宣传，广告	名词
取材	しゅざい	采访；取材	名词
そのような	そのような	像这样的	连接词
そのとおりです	そのとおりです	是这样，是那样的，的确如此	惯用语
～とおり	～とおり	～样，～那样	惯用语
～部	～ぶ	～区域，～部位	名词
食欲	しょくよく	食欲	名词
貯金	ちょきん	存款，存钱，储蓄	名词
送金	そうきんする	寄钱，汇款	动3
オーケストラ	オーケストラ	管弦乐（队）	名词
演奏会	えんそうかい	演奏会	名词
夕食	ゆうしょく	晚餐，晚饭	名词
電池	でんち	电池	名词
特徴	とくちょう	特征，特点	名词
講演	こうえん	演讲，演说	名词
絵画	かいが	绘画	名词
町子	まちこ	町子	专有词
拓也	たくや	拓也	专有词
交際	こうさいする	交往，交际	动3
予報	よほう	预报	名词
高校生	こうこうせい	高中生	名词
対象	たいしょう	对象	名词
アンケート	アンケート	问卷调查，征询意见	名词
社員食堂	しゃいんしょくどう	职工食堂	名词
スポーツジム	スポーツジム	健身房，体育馆	名词
人事	じんじ	人事	名词
進路	しんろ	去向，前进道路，升学道路	名词
話し合う	はなしあう	谈，谈话；商量，讨论	动1
心臓	しんぞう	心脏	动3
張り切る	はりきる	干劲十足，紧张；绷紧	动3
招待	しょうたいする	招待	名词
開催	かいさいする	开，召开，举办	名词
受講生	じゅこうせい	听课的人，听讲的人	名词
主婦	しゅふ	家庭主妇，主妇	名词
独身	どくしん	单身	名词
講座	こうざ	讲座	名词
～周年	～しゅうねん	～周年	名词
カップラーメン	カップラーメン	碗装方便面	名词
注ぐ	そそぐ	加入，注入	动1
日清食品	にっしんしょくひん	日清食品	专有词
創業者	そうぎょうしゃ	开创者，创立者，创建者，创业者	名词
安藤百福	あんどうももふく	安藤百福	专有词
インスタントラーメン	インスタントラーメン	方便面	名词
すでに	すでに	已经，业已	副词
試食	ししょくする	品尝，试餐	动3
すると	すると	于是，接着	接续词
どんぶり	どんぶり	大碗，海碗	名词
代わり	かわり	代替，替代	名词
紙～	かみコップ	纸杯	名词
砕く	くだく	掰碎，弄碎，打碎	动1
代わる	かわる	代替	动1
販売	はんばいする	销售，出售	动3
確信	かくしんする	坚信，确信	动3
工夫	くふう	下功夫，想办法	名词
末	すえ	结果；末尾，末了，结尾	名词
採用～	さいようする	采用，采纳	动3
滑り落ちる	すべりおちる	滑落，滑下	动2
～圏	～けん	～圈，～区域	名词
～か国	～かこく	～个国家	名词
一生	いっしょう	一生	名词
儲ける	もうける	赚钱，发财	动3
けが人	けがにん	受伤的人，伤员	名词
被害	ひがい	损失，受灾，受害	名词
拡大	かくだい	扩大，扩展	名词
遭う	あう	遭遇，碰上	动1
シートベルト	シートベルト	安全带	名词
骨折	こっせつ	骨折	名词
段～箱	だんボールばこ	纸箱，纸盒	名词
ネズミ	ネズミ	老鼠，耗子	名词
飛び出す	とびだす	跳出，跑出；飞起	动1
猿	さる	猴子，猿猴	名词
近寄る	ちかよる	挨近，靠近	动1
打つ	うつ	敲，打	动1
鍋	なべ	锅	名词
長男	ちょうなん	长子，长男	名词
米	こめ	米	名词
粉	こな	粉，粉末	名词
話し合い	はなしあい	协商，商谈	名词
まとまる	まとまる	一致；归纳；凑齐	动1
結局	けっきょく	结果，最后	副词
目的地	もくてきち	目的地	名词
小包	こづつみ	包裹	名词
様子	ようす	样子	名词
溶かす	とかす	溶解，溶化	动1
シャッター	シャッター	快门	名词
写す	うつす	拍照；描写；抄写	动1
家庭教師	かていきょうし	家教，家庭教师	名词
エネルギー	エネルギー	能量，能源；精力	名词
長年	ながねん	多年，长年累月	名词
努力	どりょく	努力	名词
点検	てんけん	检查	名词
ロケット	ロケット	火箭	名词
発射～	はっしゃする	发射	动3
沈黙	ちんもく	沉默，安静	名词
おやつ	おやつ	零食，点心，茶点	名词
偏る	かたよる	不平衡；偏颇，偏袒	动1
話しかける	はなしかける	搭话，打招呼	动2
手荷物係	てにもつがかり	行李员	名词
どのような	どのような	什么样的，怎样的	连接词
名札	なふだ	姓名牌，姓名卡	名词
よろしい	よろしい	可以，行，好	形容词
職員	しょくいん	工作人员，职员	名词
呼び出し	よびだし	呼叫，传唤	名词
アナウンス	アナウンス	广播；报告；通知	名词
いったい	いったい	到底，究竟	副词
ロビー	ロビー	大厅	名词
後ほど	のちほど	过一会儿，随后	副词
～どおり	～どおり	与～一样，按照～那样，原样，同样
ばか	ばか	胡扯，荒唐，不合理	形容动词
破れる	やぶれる	破，撕破	动2
破く	やぶく	弄破	动1
食後	しょくご	饭后	名词
デザート	デザート	甜点，餐后点心	名词
希望	きぼう	愿望，希望	名词
大学院	だいがくいん	研究生院	名词
取り扱い	とりあつかい	办理，处理；对待	名词
詳細	しょうさい	详细情况	名词
呼び出す	よびだす	呼叫，叫出	动1
ことづける	ことづける	带口信，捎话，传话	动2
キャンヤル	キャンヤル	取消，废除	名词
ことづけ	ことづけ	口信，嘱托	名词
ことはない	そんな	不会，不可能
～待ち	～まち	等待
カード	カード	卡，卡片	名词
月末	げつまつ	月末，月底	名词
先々月	せんせんげつ	上上个月	名词
先々週	せんせんしゅう	上上个星期	动1
申し込む	もうしこむ	预约；提出；申请	名词
星野	ほしの	星野	副词
鈴	すず	铃，铃铛	名词
商社	しょうしゃ	商社，贸易公司	名词
指示	しじ	指示，吩咐	名词
日本航空	にほんこうくう	日本航空（公司）	专有词
パリ	パリ	巴黎	专有词
経由	けいゆ	经由，经过	名词
ローマ	ローマ	罗马	专有词
成田	なりた	成田	专有词
観光	かんこう	观光，游览	名词
見学	けんがく	参观，学习	名词
ナポリ	ナポリ	那不勒斯	专有词
自由行動	じゆうこうどう	自由活动	名词
翌日	よくじつ	翌日，次日，第二天	名词
入国	にゅうこく	入境	名词
不安	ふあん	担心，不安；不放心	名词
にこにこ	にこにこ	笑眯眯，微笑	副词
ガイド	ガイド	导游	名词
起床	きしょう	起床	名词
土産物屋	みやげものや	土特产店老板；土特产店，礼品店	名词
呼びかける	よびかける	招呼，呼唤	动2
黙る	だまる	不说话，不出声，沉默	动1
朹洋人	とうようじん	东方人，亚洲人	名词
順	じゅん	顺序，次序	名词
ポンペイ	ポンペイ	庞贝古城	专有词
西暦	せいれき	公元，公历，阳历	名词
火山	かざん	火山	名词
爆発	ばくはつ	爆发	名词
埋まる	うまる	埋上，埋藏	动1
～語	イタリアご	意大利语	名词
隅	すみ	角落，旮旯	名词
グループ	グループ	群，组；集团	名词
なんとなく	なんとなく	不由得，总觉得	副词
ほっと	ほっと	放松，放心，松气	副词
にっこり	にっこり	莞尔，微笑，嫣然一笑	副词
相通じる	あいつうじる	相通	动2
～発	～はつ	～出发
～泊	～はく	～晚
～屋	～や	～店主，～店，～铺
ニーハオ	ニーハオ	你好（汉语）
アンニョンハシムニカ	アンニョンハシムニカ	你好（朝鲜语）
最終日	さいしゅうび	最后一天	名词
終了	しゅうりょうする	结束，终了	动3
ふわふわ	ふわふわ	轻飘飘，软绵绵	副词
ぐずぐず	ぐずぐず	磨磨蹭蹭，慢腾腾	副词
ぼんやり	ぼんやり	发呆，精神恍惚；模糊，不清楚	副词
いらいら	いらいら	焦躁不安，焦急	副词
わくわく	わくわく	欢欣雀跃，兴奋	副词
どきっと	どきっと	大吃一惊，震惊，吓一跳	副词
どきどき	どきどき	七上八下，心怦怦跳；忐忑不安	副词
綿	わた	棉花，棉	名词
プロポーズする	プロポーズする	求婚	动3
湯気	ゆげ	水蒸气，热气	名词
目の前	めのまえ	眼前，面前	名词
扇子	せんす	扇子，折扇	名词
羽	はね	羽毛，翎毛	名词
ぞうきん	ぞうきん	抹布	名词
いきなり	いきなり	突然，冷不防	副词
朹洋	とうよう	亚洲，东方，亚洲东部和东南部	名词
朹洋医学	とうよういがく	东方医学	名词
うらやましい	うらやましい	羡慕，眼红	形容词
幽霊	ゆうれい	幽灵	名词
好む	このむ	喜欢，爱好	形容词
相通	あいつうずる	相通	动3
環境	かんきょう	环境	名词
集会	しゅうかい	集会	名词
終える	おえる	做完，完成，结束	动2
閉会	へいかいする	闭会，散会；闭幕	动3
郵便	ゆうびん	邮政，邮件	名词
特急電車	とっきゅうでんしゃ	特快列车	名词
金沢	かなざわ	金泽	专有词
友人	ゆうじん	朋友，友人	名词
黄色い	きいろい	黄色	形容词
贈り物品	おくりもの	礼物，礼品	名词
そのうち	そのうち	不久，过几天	副词
紙袋	かみぶくろ	纸袋，纸质口袋	名词
上着	うわぎ	上衣	名词
音色	ねいろ	音色	名词
サラダ	サラダ	色拉，凉拌菜	名词
目立つ	めだつ	显眼，显著，引人注目	动1
スケジュール	スケジュール	日程，日程表	名词
ハード	ハード	(日程）紧张，紧密；困难；硬，坚固	形容动词
とんでもない	とんでもない	没有的事儿，哪里的话	形容词
ファッション	ファッション	时装，时尚，流行	名词
観光地	かんこうち	观光胜地，旅游胜地	名词
有馬温泉	ありまおんせん	有马温泉	专有词
のんびり	のんびり	放松，轻松；悠闲自在，悠然自得	副词
女将	おかみ	老板娘，女主人，女掌柜	名词
お世話になります	おせわになります	承蒙关照	惯用语
とんでもありません	とんでもありません	没有的事儿，哪儿的话	惯用语
関心がある	かんしんがある	感兴趣	惯用语
～名様	～めいさま	～位，～名
～食	～しょく	～餐
～付き	～つき	～带～，付送～
満室	まんしつ	房间已满，无空房间，满员	名词
安静	あんせい	静养，安静	形容动词
エプロン	エプロン	围裙	名词
清掃	せいそうする	清扫，扫除	动3
組む	くむ	计划，安排，编制，编排	动1
たまたま	たまたま	偶然，碰巧	副词
一度	いちど	一次，一遍，一度	副词
来社	らいしゃする	来（我）公司	动3
協力	きょうりょくする	合作，协作，配合	动3
つぼ	つぼ	つぼ[名]瓶，坛，罐，缸	名词
試着	しちゃくする	试穿	动3
お／ご~申し上げる	お／ご～もうしあげる	恭～，敬～（自谦）
札幌	さっぽろ	札幌	专有词
片道	かたみち	单程	名词
光	ひかり	光，光亮，光线	名词
合図	あいずする	发信号，递暗号	动3
算数	さんすう	算数	名词
解く	とく	解，解答，解明	动1
表示	ひょうじ	表示，指示；表明	名词
～字	ローマじ	罗马字	名词
満足	まんぞく	满足，满意	名词
大国	たいこく	大国，强国	名词
全国	ぜんこく	全国	名词
温泉地	おんせんち	温泉胜地	名词
延べ	のべ	总计，共计	名词
地中	ちちゅう	地下，地里	名词
湧き出る	わきでる	喷涌，喷出，涌出	动2
規定	きてい	特定，规定	名词
含む	ふくむ	包含，含有	动1
透明	とうめい	透明	形容动词
濁る	にごる	混浊，污浊	动1
神経痛	しんけいつう	神经痛	名词
皮膚病	ひふびょう	皮肤病	名词
高血圧	こうけつあつ	高血压	名词
治療	ちりょう	治疗	名词
変える	かえる	换，改变	动2
露天風呂	ろてんぶろ	露天温泉，露天浴池	名词
たっぷり	たっぷり	满……，充分，足够	形容动词
つかる	つかる	浸泡，泡澡	动1
リラックスする	リラックスする	放松，松弛；轻松	动3
宿泊	しゅくはくする	住宿，投宿	动3
入浴施設	にゅうよくしせつ	洗浴设施	名词
日帰り	ひがえり	当天往返	名词
入浴	にゅうよく	洗浴，入浴	名词
施設	しせつ	设施，设备	名词
銭湯	せんとう	公共澡堂，洗浴中心	名词
ころ	ころ	时候，时期	名词
～銭湯	スーパーせんとう	超级洗浴中心	名词
マッサージ	マッサージ	按摩	名词
エステ	エステ	美容，全身美容	名词
楽しむ	たのしむ	享受，欣赏	动1
ちょっとした	ちょっとした	一点点，有点，稍微	形容动词
いやし	いやし	安慰，享受；医治，治疗	名词
～千万	～せんまん	～千万
停留所	ていりゅうじょ	公交车站，车站，公共汽车站	名词
ぴったり	ぴったり	正合适，恰好	副词
つるつる	つるつる	溜滑，滑溜，光滑	副词
実験	じっけん	试验，实验	名词
洪水	こうずい	洪水	名词
流す	ながす	冲走，冲刷	动1
ステーキ	ステーキ	牛排	名词
おかず	おかず	菜，菜肴	名词
全く	まったく	完全，全然	副词
範囲	はんい	范围	名词
食材	しょくざい	食品原材料	名词
松茸	まつたけ	松蘑，松茸	名词
原因	げんいん	原因	名词
いやす	いやす	医治，治疗	动1
香り	かおり	香味，芳香	名词
～所	～じょ	～所，～站
～年制	～ねんせい	～年制
ビタミン	ビタミン	维生素，维他命	名词
予防	よぼうする	预防	动3
立て直す	たてなおす	重整，重建	动1
維持	いじする	维持，保持	动3
体重	たいじゅう	体重	名词
ファイル	ファイル	文件，档案，卷宗	名词
日付	ひづけ	日期，年月日	名词
肌	はだ	肌肤	名词
地区	ちく	地区	名词
相当	そうとう	相当，很，颇	副词
社内	しゃない	公司内	名词
天才	てんさい	天才	名词
～氏	～し	～先生，～女士，～夫人
一心	いっしん	一心	专有词
新作	しんさく	新作品，新创作	名词
公開	こうかいする	公映，公开，开映；开放	动3
興行	こうぎょう	票房，公演，演出，上映	名词
トップ	トップ	第一位，首位，第一名	名词
見込み	みこみ	预料，估计；可能性	名词
主演	しゅえんする	主演	动3
アクション	アクション	动作片，武打剧；动作	名词
評価	ひょうかする	评价	动3
高まる	たかまる	高涨，提高	动1
そうすると	そうすると	这么说来，这么说	接续词
わけ	わけ	缘故，理由，原因	名词
区別	くべつする	区分，区别	动3
受け入れる	うけいれる	接受，采纳	动2
彼ら	かれら	他们	代词
つかむ	つかむ	抓住，掌握住	名词
口～	くちコミ	口碑，口头互传，口头推荐	名词
映像	えいぞう	电影，影像	名词
提供	ていきょうする	提供	动3
気がする	きがする	感觉，觉得，好像	名词
～ら	～ら	～们，～等
同～	どう～	同～，相同～
真実	しんじつ	真的，真话；真实，事实	名词
方針	ほうしん	方针，方向	名词
定年	ていねん	退休，退休年龄	名词
GDP	ジーディーピー	GDP，国内生产总值	名词
抜く	ぬく	超过，超出	动1
さっと	さっと	很快，一下子；忽然，骤然	副词
ヒットする	ヒットする	非常畅销，大受欢迎	动3
たんす	たんす	衣橱，衣柜	名词
高める	たかめる	提高，抬高	动2
広まる	ひろまる	扩大；传播，遍及	动1
広める	ひろめる	推广；扩大	动2
強まる	つよまる	强烈起来，强硬起来	动1
強める	つよめる	加强，增强	动2
弱まる	よわまる	变弱，衰弱	动1
弱める	よわめる	弱化，减弱	动2
深まる	ふかまる	加深，变深	动1
節約	せつやく	节约	名词
～教	キリストきょう	基督教	名词
宣教師	せんきょうし	传教士	名词
薄める	うすめる	冲淡；稀释；淡化	动2
ルール	ルール	规则，章程	名词
川田	かわだ	川田	专有词
線	せん	线	名词
田／田んぼ	た／たんぼ	田地；稻田，水田	名词
とおす	とおす	通过；穿过，穿通	动1
マスコミ	マスコミ	宣传媒介	名词
～教	～きょう	～教
低下	ていかする	下降，降低	动3
いずれ	いずれ	早晚，反正	副词
上位	じょうい	前列，排前面；上位，上座	名词
油断	ゆだん	疏忽，麻痹	名词
韓国～	かんこくドラマ	韩国电视剧	名词
化粧品	けしょうひん	化妆品	名词
チェス	チェス	国际象棋	名词
将棋	しょうぎ	日本象棋	名词
碁	ご	围棋	名词
俳句	はいく	俳句，俳诗	名词
売り切れる	うりきれる	卖完，售罄	动2
退職	たいしょくする	辞职	动3
歌謡曲	かようきょく	流行歌曲	名词
交流	こうりゅう	交流	名词
夢中	むちゅう	着迷，入迷	名词
光景	こうけい	情景，景象，光景	名词
成人	せいじん	成年人，大人	名词
関	かんする	关于，有关	动3
クレヨンしんちゅん	クレヨンしんちゅん	蜡笔小新	专有词
ドラえもん	ドラえもん	机器猫	专有词
ちびまる子ちゃん	ちびまるこちゃん	樱桃小丸子	专有词
鉄腕～	てつわんアトム	铁臂阿童木	专有词
画質	がしつ	图像质量，画面质量	名词
比べもの	くらべもの	比较的事物	名词
～技術	デジタルぎじゅつ	数码技术，数字技术	名词
いきいき	いきいき	栩栩如生，生动；生气勃勃	副词
生み出す	うみだす	诞生，创作出，产生	动1
～番組	テレビばんぐみ	电视节目	名词
視聴率	しちょうりつ	收视率	名词
獲得	かくとくする	获得	动3
やがて	やがて	后来，不久；大约	副词
先端	せんたん	尖端，先进	名词
映画館	えいがかん	电影院	名词
スクリーン	スクリーン	屏幕，银幕，银屏	名词
登場	とうじょうする	登场，出场	动3
娯楽	ごらく	娱乐	名词
芸術	げいじゅつ	艺术	名词
次々	つぎつぎ	不断，接二连三，接踵而来	副词
千と千尋の神隠し	せんとちひろのかみかくし	千与千寻	专有词
夢中になる	むちゅうになる	热衷，入迷，沉醉	惯用语
比べものにならない	くらべものにならない	不能相提并论，不可同日而语	惯用语
その後	そのご	之后，其后	名词
～向け	～むけ	适合～，面向～
高～	こう～	高～
～率	～りつ	～率
～性	～せい	～性
～力	～りょく	～力
追いかける	おいかける	追赶；紧接着，紧跟着	动2
風景	ふうけい	景象，风景；情景	名词
締め切り	しめきり	截止，期限，届满	名词
向ける	むける	向，朝，对	动2
向く	むく	向，朝；适合，对路	动1
まくら	まくら	枕头	名词
カバー	カバー	覆盖物，外皮，套子	名词
関連	かんれん	相关，有关	名词
手続き	てつづき	手续	名词
専門書	せんもんしょ	专业书	名词
ドイツ	ドイツ	德国	专有词
視察	しさつ	考察，视察	名词
～語	ロシアご	俄语	名词
あいつ	あいつ	那家伙，那小子	代词
仲間	なかま	朋友，伙伴，同事	名词
裏切る	うらぎる	背叛，违背	动1
その後	そのあと	之后，其后	名词
見かける	みかける	看到，看见	动2
公害	こうがい	公害	名词
再発	さいはつ	再发生；重新发作	名词
表情	ひょうじょう	表情	名词
木の葉	このは	树叶	名词
水槽	すいそう	水槽，注水槽	名词
上映	じょうえい	放映，上映	名词
ブランド	ブランド	名牌，品牌，牌子	名词
～食品	インスタントしょくひん	方便食品，速食	名词
集中	しゅうちゅう	集中	名词
説得	せっとく	说服	名词
火力	かりょく	火力，火势	名词
人力	じんりょく	人力	名词
学力	がくりょく	学力，学习实力	名词
上げる	あげる	提高，抬高	动2
～向き	～むき	适合～	名词
幼児	ようじ	幼儿，婴儿	名词
科学者	かがくしゃ	科学家	名词
行動	こうどう	行为，行动	名词
冗談	じょうだん	玩笑；戏言；笑话	名词
配布	はいふする	发，分发，散发	动3
生存	せいぞんする	生存	动3
海水	かいすい	海水	名词
ミネラル	ミネラル	矿物质	名词
貧しい	まずしい	贫穷，穷苦	形容词
土地	とち	土地	名词
～用品	レジャーようひん	休闲用品，娱乐用品	名词
活気	かっき	活力，生气，朝气	名词
いよいよ	いよいよ	到底，终于	副词
方言	ほうげん	方言，地方话	名词
繁華街	はんかがい	繁华区，繁华街，商业区	名词
ミナミ	ミナミ	大阪市南部商业繁华区名称	专有词
同行	どうこうする	同行，一起去	动3
披露宴	ひろうえん	婚宴，喜宴	名词
喜んで	よろこんで	高兴地，非常愿意地	副词
よいうと	よいうと	你的意思是？怎么说？	惯用语
おおきに	おおきに	谢谢，多谢（大阪方言）	惯用语
あかん	あかん	不行，不可以（大阪方言）	惯用语
耳にする	みみにする	听到	惯用语
せっかくですけれど	せっかくですけれど	有违您的好意，承蒙特意邀请，却……	惯用语
遠慮しておきます	えんりょしておきます	算了，不用了	惯用语
おめでとうございます	おめでとうございます	恭喜，恭贺	惯用语
～弁	～べん	～方言，～口音
公衆電話	こうしゅうでんわ	公用电话	名词
雷	かみなり	雷	名词
好き嫌い	すききらい	挑剔；好恶	名词
山登り	やまのぼり	登山，爬山	名词
作成	さくせいする	写，作，制作	动3
披露	ひろうする	宣布，公布，公开	动3
変更	へんこうする	改变，变更，更改	动3
改めて	あらためて	再，重新	副词
体調	たいちょう	身体状况，健康状态	名词
目にする	めにする	看到，看见	名词
言葉に甘える	ことばにあまえる	按您所说，如您所说	惯用语
伊豆	いず	伊豆	专有词
競馬	けいば	赛马	名词
名作	めいさく	名作，杰作	名词
DVD	ディーブイディー	DVD机；数字光盘	名词
村上春樹	むらかみはるき	村上春树	专有词
冷房	れいぼう	冷气设备，冷气空调	名词
入場	にゅうじょう	入场，进场	名词
断る	ことわる	拒绝，谢绝；预先通知	动1
猛暑	もうしょ	酷暑，炎热	名词
不足～	ふそくする	不足，不够，短缺	动3
～気味	～ぎみ	有点～，觉得～	名词
共通語	きょうつうご	通用语，普通话	名词
民族	みんぞく	民族；种族	名词
異なる	ことなる	不一样，不同	动1
文法	ぶんぽう	语法	名词
アクセント	アクセント	声调，重音	名词
関西	かんさい	关西	专有词
誤解	ごかい	误解，误会	名词
投げる	なげる	投，扔，掷	动2
解釈	かいしゃくする	解释，说明	动3
投げ返す	なげかえす	扔回去，投回去	动1
保管	ほかんする	保管，管理	动3
聞き間違える	ききまちがえる	听错，误听	动1
浸透	しんとうする	渗透，渗入	动3
～方言	～ほうげん	～方言
～地方	～ちほう	～地区
独立	どくりつする	独立	动3
述べる	のべる	陈述，叙述，说明	动2
当日	とうじつ	当天，当日	名词
応対	おうたい	应酬，接待	名词
飛行場	ひこうじょう	机场	名词
～活動	ボランティアかつどう	志愿者活动	名词
貝殻	かいがら	贝壳	名词
長野県	ながのけん	长野县	专有词
近畿	きんき	（日本的）近畿地区	专有词
中部	ちゅうぶ	（日本的）中部地区	专有词
中国	ちゅうごく	（日本的）中国地区	专有词
四国	しこく	（日本的）四国地区	专有词
後悔	こうかいする	后悔	动3
書き間違える	かきまちがえる	写错	动2
言い間違える	いいまちがえる	说错	动2
言い返す	いいかえす	顶嘴；反复说	动1
聞き返す	ききかえす	反问；反复问	动1
思い返す	おもいかえす	回想，反省；再考虑一番，重新考虑	动1
寮長	りょうちょう	宿舍长	名词
門限	もんげん	关门时间	名词
～問目	～もんめ	第～题，第～个问题	名词
あちらこちら	あちらこちら	各处，到处	名词
国籍	こくせき	国籍	名词
教育	きょういく	教育	名词
教材	きょうざい	教材	名词
高等学校	こうとうがっこう	高中	名词
進出	しんしゅつ	进入，打入，挤进	名词
強化	きょうか	加强，强化	名词
課題	かだい	题目，课题	名词
我が国	わがくに	我国	名词
ページ	ページ	页，页码	名词
登録	とうろくする	登记，注册	动3
汚染	おせん	污染	名词
漁業	ぎょぎょう	渔业，水产业	名词
支払う	しはらう	支付，付款	动1
取り消す	とりけす	取消，作废，撤消	动1
待ち合わせる	まちあわせる	约会，碰头	动2
～以内	～いない	～以内
折り入って	おりいって	诚恳，特意	副词
改まる	あらたまる	郑重其事，庄重	动1
自信	じしん	自信，信心	名词
君	きみ	你	代词
頼み	たのみ	请求；信赖	名词
引き受ける	ひきうける	答应，接受；承担	动2
もしかして	もしかして	也许，或许，可能	副词
どうしても	どうしても	无论如何	副词
出会う	であう	遇见，碰上	动1
格好	かっこう	装束；样子；姿态	名词
装置	そうち	装置，设备	名词
夕飯	ゆうはん	晚饭，晚餐	名词
ハンバーグ	ハンバーグ	汉堡牛肉饼	名词
もしかすると	もしかすると	也许，或许，可能	副词
酔う	よう	醉，喝醉	动1
魚介類	ぎょかいるい	鱼贝类，鳞介类	名词
悪いけど	わるいけど	不好意思	名词
商品開発	しょうひんかいはつ	商品开发	名词
東西食品	とうざいしょくひん	东西食品公司	专有词
伝言	でんごんする	带口信	动3
出版社	しゅっぱんしゃ	出版社	名词
出版	しゅっぱんする	出版	动3
後片づけ	あとかたづけ	善后，整理，收拾	名词
～局	テレビきょく	电视台	名词
相談に乗る	そうだんにのる	商量，征求意见	惯用语
統計	とうけい	统计	名词
減少	げんしょうする	减少	动3
現象	げんしょう	现象	名词
傾向	けいこう	趋势，倾向	名词
背景	はいけい	背景，背景形势	名词
出産	しゅっさん	生孩子	名词
育児	いくじ	育儿，抚育	名词
対する	たいする	对，对于	动3
晩婚	ばんこん	晚婚	名词
控える	ひかえる	抑制，控制，节制	动1
出生	しゅっしょう	出生，诞生	名词
つながる	つながる	牵涉；连接；排列	动1
上昇	じょうしょう	上涨，上升	名词
額	がく	金额，数量	名词
住宅問題	じゅうたくもんだい	房问题，住宅问题	名词
意志	いし	意愿，意志，意向	名词
非婚	ひこん	不结婚；非婚，没结婚	名词
年間	ねんかん	一年；年间，年代	名词
年月	ねんげつ	时间，光阴，年月，岁月	名词
～時	～じ	～时，～的时候
～数	～すう	～数，～的数量
石炭	せきたん	煤，煤炭	名词
一途	いっと	唯一方向；唯一手段	名词
たどる	たどる	发展；走向；追溯	动1
円安	えんやす	日元贬值	名词
輸入食品	ゆにゅうしょくひん	进口食品	名词
値上がり	ねあがり	价格上涨，涨价	名词
改善	かいぜんする	改善	动3
伸ばす	のばす	留（头发），拉长，延长	动1
そろばん	そろばん	算盘	名词
不況	ふきょう	不景气，萧条	名词
長所	ちょうしょ	长处，优点	名词
短所	たんしょ	短处，弱点	名词
整備不良	せいびふりょう	维修不良，维修状况差	名词
整備	せいび	（道路）维修，整修；配备，配齐	名词
批判	ひはん	批判，批评，评论	名词
礼	れい	谢意，礼仪，礼貌，礼节	名词
訴える	うったえる	申诉，诉说，呼吁	动2
援助	えんじょする	帮助，援助，支持	动3
体験	たいけん	体验，经验	名词
毎年	まいとし	每年	名词
日々	ひび	天天，每天，日子	名词
月々	つきづき	月月，每月	名词
状況	じょうきょう	情况，状况	名词
収入	しゅうにゅう	收入，所得	名词
徳川家康	とくがわいえやす	德川家康	专有词
～量	～りょう	～量
不～	ふ～	不～，非～
肥満	ひまん	肥胖	名词
件数	けんすう	件数	名词
退学	たいがく	退学	名词
ブーム	ブーム	高潮，热潮	名词
権利	けんり	权利	名词
排気～	はいきガス	废气，废烟气	名词
ラッシュアワー	ラッシュアワー	上下班高峰时间	名词
混雑	こんざつ	混乱，拥挤，混杂	名词
ペット	ペット	宠物	名词
愛情	あいじょう	爱，爱情	名词
政治	せいじ	政治	名词
感覚	かんかく	感觉	名词
日中	にっちゅう	日中，日本和中国	名词
外交	がいこう	外交	名词
一晩	ひとばん	一晚，一夜，一宿	名词
仕組み	しくみ	结构；计划，方法	名词
恩師	おんし	恩师，老师	名词
後藤	ごとう	后藤	专有词
福建省	ふっけんしょう	福建省	专有词
広告代理店	こうこくだいりてん	广告公司	名词
やりがい	やりがい	值得做，做的价值	名词
金子	かねこ	金子	专有词
高橋	たかはし	高桥	专有词
旅行代理店	りょこうだいりてん（	旅行社，旅游代理公司	名词
勤める	つとめる	工作，做事	动2
まあ、まあ	まあ、まあ	行了行了
後にする	あとにする	待会儿，放在后面，推后
つまらないものですが	つまらないものですが	一点小意思，不是什么值钱的东西	惯用语
気を使う	きをつかう	费心，用心，留意，顾虑	惯用语
無理を言う	むりをいう	不讲理；提出无理要求	惯用语
～がい	～がい	～的意义，～的价值
チャンス	チャンス	机会，机遇	名词
快晴	かいせい	大晴天，晴朗，好天气	名词
奥様	おくさま	尊夫人，（您）太太	名词
ごめんください	ごめんください	有人在家吗	惯用语
よくいらっしゃいました	よくいらっしゃいました	欢迎光临	惯用语
ほんの気持ちですが	ほんのきもちですが	一点点心意	惯用语
口に合う	くちにあう	合口味	惯用语
お口に合うかどうか分かりませんが	おくちにあうかどうかわかりませんが	不知道合不合您的口味	惯用语
何のお構いもできませんで	なんのおかまいもできませんで	没什么招待您的	惯用语
まだいいじゃありませんか	まだいいじゃありませんか	时间还早嘛，不是还早吗	惯用语
好意	こうい	好意，美意	名词
幸せ	しあわせ	幸福，幸运；侥幸	形容动词
無駄にする	むだにする	浪费，徒劳	惯用语
就職活動	しゅうしょくかつどう	求职活动	名词
志望動機	しぼうどうき	志愿动机，志愿理由	名词
自己PR	じこピーアール	自我宣传	名词
履歴書	りれきしょ	简历，履历	名词
そのまま	そのまま	就照原样，就那样	名词
採用試験	さいようしけん	录用考试	名词
清潔	せいけつ	整洁，干净；清洁	名词
服装	ふくそう	服装	名词
一部	いちぶ	一部分	名词
学期	がっき	学期	名词
リクルートスーツ	リクルートスーツ	求职服装，求职套装	名词
姿	すがた	打扮，装束；姿态，姿势	名词
際	さい	时候，时机	名词
男女	だんじょ	男女	名词
問う	とう	问，打听	动1
黒	くろ	黑色，黑	名词
紺	こん	藏青，深蓝	名词
灰色	はいいろ	灰色；暗淡	名词
氷河期	ひょうがき	冰河期	名词
職種	しょくしゅ	职业种类	名词
自動車～	じどうしゃメーカー	汽车公司	名词
ごく	ごく	极，最，非常	名词
選択	せんたくする	选择	动3
申し込み	もうしこみ	报名，申请；提议	名词
突破～	とっぱする	突破，冲破	名词
内定	ないてい	内定	名词
少しでも	すこしでも	尽可能
～次	～じ	～次，～回
うがい	うがい	漱（口）	名词
手洗い	てあらい	洗手	名词
焦る	あせる	焦急，急躁，着急	动1
上京	じょうきょうする	到东京去，进京	动3
お別れ会	おわかれかい	欢送会	名词
事前	じぜん	事先，事前	名词
昼夜	ちゅうや	昼夜	名词
性別	せいべつ	性别	名词
納期	のうき	交货时间，缴纳期限	名词
茶色い	ちゃいろい	茶色	形容词
グレー	グレー	灰色，鼠色	名词
ブラック	ブラック	黑色，黑	名词
少量	しょうりょう	少量	名词
微量	びりょう	微量	名词
多量	たりょう	大量	名词
価値	かち	价值	名词
エルニーニョ	エルニーニョ	厄尔尼诺	名词
～沖	ペルーおき	秘鲁海上	名词
海面	かいめん	海面	名词
異常	いじょう	异常	形容动词
ノック	ノック	敲门，敲打	名词
隠れる	かくれる	躲藏，隐藏	动2
身長	しんちょう	身高，身长	名词
条件	じょうけん	条件，提前	名词
資格	しかく	资格，身份	名词
有利	ゆうり	有利	形容动词
重視	じゅうしする	重视	副词
ただ	ただ	仅，只	名词
面接試験	めんせつしけん	面试考试	名词
ありがたさ	ありがたさ	宝贵，可贵，价值	名词
～未満	～みまん	不满～，不足～
こっち	こっち	这边，这里	名词
やあ	やあ	哎呀，啊，呀	感叹词
ちっとも	ちっとも	一点儿（也不），毫（无）	副词
それはそうと	それはそうと	此外，另外，顺便说一句	连接词
ねえ	ねえ	喂	感叹词
水炊き	みずたき	鸡肉时蔬火锅，鸡肉汆锅	名词
とり肉	とりにく	鸡肉	名词
温まる	あたたまる	暖和，温暖	动1
よし	よし	好，对	感叹词
盛り合わせ	もりあわせ	拼盘（菜）	名词
タコ	タコ	章鱼	名词
豆腐	とうふ	豆腐	名词
大根	だいこん	萝卜	名词
カクテル	カクテル	鸡尾酒，混合酒	名词
～料理	フランスりょうり	法国菜	名词
そうだなあ	そうだなあ	是啊
～人前	～にんまえ	～人份儿，～份儿
禁煙席	きんえんせき	无烟席，禁烟席，禁烟区	名词
焼きそば	やきそば	炒面	名词
チャーハン	チャーハン	炒饭	名词
会計	かいけい	结帐，付款；会计	名词
割り勘	わりかん	AA制，分摊费用，均摊费用	名词
おごる	おごる	请客，做东；奢华	动1
そっち	そっち	那边，那里	代词
あっち	あっち	那边，那里	代词
どっち	どっち	哪边，哪里	代词
ねえねえ	ねえねえ	喂喂，哎哎	感叹词
よう	よう	哟，噢	感叹词
虎	とら	老虎，虎	名词
少しも	すこしも	一点也（不）	副词
商売	しょうばい	生意，买卖	名词
口紅	くちべに	口红	名词
鍋物	なべもの	火锅	名词
羊	ひつじ	羊，绵羊	名词
しゃぶやぶ	しゃぶやぶ	涮锅，涮（牛羊肉片）火锅	名词
またお越しください	またおこしください	请再次光临，欢迎再来	惯用语
当店	とうてん	本店，我店	名词
羊肉	ひつじにく	羊肉	名词
ホラー	ホラー	恐怖片，惊悚片	名词
列	れつ	队，列，行列	名词
窓口	まどぐち	窗口	名词
書き直す	かきなおす	改写，重新写；誊写	动1
体にいい	からだにいい	对身体好，有益健康	惯用语
専門店	せんもんてん	专卖店	名词
ハンバーガー	ハンバーガー	汉堡包	名词
パスタ	パスタ	意大利面条，意大利面食类	名词
多様	たよう	多种多样，各式各样	形容动词
おしぼり	おしぼり	湿巾	名词
無料	むりょう	免费	名词
メニュー	メニュー	菜单，菜谱	名词
調理	ちょうりする	烹饪，调理	动3
載せる	のせる	放，搁；载，登载	动2
他人丼	たにんどん	他人盖饭，猪（牛）肉鸡蛋盖饭	名词
豚肉	ぶたにく	猪肉	名词
親子	おやこ	父母和子女	名词
他人	たにん	他人，别人	名词
キツネうどん	キツネうどん	狐狸乌冬面，油炸豆腐乌冬面	名词
決して	けっして	绝对（不），决（不），断然（不）	副词
キツネ	キツネ	狐狸	名词
油揚げ	あぶらあげ	油炸豆腐；油炸食品	名词
好物	こうぶつ	爱吃的东西	名词
～店	～てん	～店
着席	ちゃくせきする	就座，入座，就席	动3
総理大臣	そうりだいじん	总理，首相	名词
国会	こっかい	国会	名词
ウェットティッシュ	ウェットティッシュ	湿纸巾	名词
包丁	ほうちょう	菜刀	名词
違反	いはん	违反，违背	名词
逮捕	たいほする	逮捕	动3
使用	しようする	使用	动3
答案	とうあん	答案，回答	名词
白紙	はくし	白纸；空白纸；原始状态	名词
診断	しんだんする	诊断；判断	动3
親戚	しんせき	亲戚，亲属	名词
我が家	わがや	亲戚，自己家	名词
資源～	しげんごみ	资源性垃圾，再生性垃圾	名词
貧困	ひんこん	贫困，贫穷；贫乏	名词
過剰生産	かじょうせいさん	生产过剩	名词
赤字	あかじ	赤字，红字	名词
うそ	うそ	谎言，假话	名词
隠す	かくす	隐藏，隐蔽	动1
手術	しゅじゅつ	手术	名词
～組	～くみ	～组
制限	せいげん	限制，限度，界限	名词
貸し出し	かしだし	出借，出租	名词
期限	きげん	期限	名词
生	なま	生，鲜；未加工过	名词
100円～	ひゃくえんショップ	100日元店	名词
消費税	しょうひぜい	消费税	名词
裸足	はだし	光脚，赤脚	名词
夜道	よみち	夜路，黑路	名词
絹	きぬ	丝绸，绸子；（蚕）丝	名词
都	みやこ	首都，京城；繁华都市	名词
富士見町	ふじみちょう	富士见町	专有词
琵琶	びわ	琵琶	名词
グレープフルーツ	グレープフルーツ	葡萄柚	名词
なる	なる	结（果实）	名词
起こる	おこる	发生，引起	动1
小麦	こむぎ	小麦	名词
収穫	しゅうかく	收获	名词
消費	しょうひ	消费	名词
無駄	むだ	徒劳，无用；浪费，白费	形容动词
新郎	しんろう	新郎	名词
勤め	つとめ	工作，就职	名词
ともに	ともに	一起，一同；共同	副词
白髪	しらが	白发	名词
どうか	どうか	请	副词
祈る	いのる	祝愿，祈求	动1
指名	しめい	指名，指定	名词
ひと言	ひとこと	几句话，三言两语	名词
本日	ほんじつ	今日，今天	名词
切れる	きれる断	断绝关系；断开，中断	动2
別れる	わかれる	分手，离别	动2
お開き	おひらき	（婚宴）结束；散席，散会	名词
招く	まねく	邀请，招待，款待	动1
助け合う	たすけあう	互相帮助，互助	动1
姉妹	しまい	姐妹	名词
暖める	あたためる	弄暖和；加热，加温	动2
僭越ながら	せんえつながら	冒昧，不自量力	名词
趙	ちょう	赵	名词
司会	しかい	主持，主持人	名词
ブラウス	ブラウス	罩衫；女衬衫	名词
両社	りょうしゃ	两家公司	名词
仲良くする	なかよくする	友好，处好关系；亲密	惯用语
神社	じんじゃ	神社	名词
神前結婚式	しんぜんけっこんしき	神前式婚礼	名词
教会	きょうかい	教堂，教会	名词
ある	ある	某，某个	接续词
～教式結婚式	キリストきょうしきけっこんしき	基督教式婚礼	名词
人前結婚式	じんぜんけっこんしき	人前式婚礼	名词
信者	しんじゃ	信徒，教徒；崇拜者	名词
限る	かぎる	限于，只限；限定，限制	动1
ウエディングドレス	ウエディングドレス	婚纱，女式结婚礼服	名词
挙式	きょしきする	举行（结婚）仪式	动3
好み	このみ	喜好，爱好，口味	名词
宗教	しゅうきょう	宗教	名词
少数	しょうすう	少数	名词
結婚式場	けっこんしきじょう	婚礼会场	名词
占める	しめる	占，占据；占领	动2
～分の～	～ぶんの～	～分之～
かっこいい	かっこいい	帅气，真帅；真棒	形容词
務める	つとめる	担任；当，扮演	动2
とげ	とげ	刺；（说话）尖酸，带刺	名词
毒	どく	毒，毒物	名词
有効	ゆうこう	有效	形容动词
内向的	ないこうてき	内向	形容动词
活発	かっぱつ	活泼，活跃	形容动词
外向的	がいこうてき	外向	形容动词
平均	へいきん	平均	名词
寿命	じゅみょう	寿命	名词
重病人	じゅうびょうにん	重症患者，重病患者，重病号	名词
移動	いどうする	移动	动3
幼い	おさない	幼小，年幼；幼稚	形容词
親友	しんゆう	好朋友，好友，密友，至交	名词
我が社	わがしゃ	我公司，本公司	名词
役員	やくいん	干部；干事；董事	名词
質	しつ	质量；质，本质	名词
長時間	ちょうじかん	长时间	名词
年収	ねんしゅう	年收入，年薪	名词
インド	インド	印度	专有词
現実	げんじつ	现实	名词
落語	らくご	单口相声	名词
ジャーナリスト	ジャーナリスト	记者；编辑；通讯员	名词
選挙	せんきょ	选举	名词
青森県	あおもりけん	青森县	专有词
特産	とくさん	特产	名词
全体	ぜんたい	全体，全部	名词
政党	せいとう	政党	名词
支持	しじする	支持	动3
多数	たすう	多数	名词
半数	はんすう	半数，一半	名词
～品	～ひん	～品，～产品，～商品
成果	せいか	成果，成就	名词
以上	いじょう	以上，超出	名词
一例	いちれい	一个例子	名词
お世辞	おせじ	恭维话，奉承话	名词
国内	こくない	国内	名词
売り込む	うりこむ	销售，促销，推销	动1
戦略	せんりゃく	战略	名词
試飲	しいんする	试饮	动3
敏感	びんかん	敏感，灵敏	形容动词
間	あいだ	当中，之间，期间	名词
たいした	たいした	了不起的，惊人的	接续词
ラベル	ラベル	标签	名词
～ども	～ども	～们（自谦语）
意外	いがい	出乎意料，意外	形容动词
案外	あんがい	没想到，出乎意外	名词
賢い	かしこい	聪明，伶俐	形容词
概略	がいりゃく	概要，概略，梗概	名词
堅苦しい	かたくるしい	一本正经，郑重其事	形容词
台湾	たいわん	台湾	专有词
温暖	おんだん	温暖	形容动词
気候	きこう	气候	名词
飛び込む	とびこむ	跳入，跳进	动1
放る	ほうる	抛，扔；放弃，弃之不顾	动1
投げ込む	なげこむ	投进，投入，扔进	动1
放り込む	ほうりこむ	扔进，投入	动1
持ち込む	もちこむ	带入，带进	动1
流れ込む	ながれこむ	流入，流进	动1
潜り込む	もぐりこむ	潜入，钻入；躲入	动1
落ち込む	おちこむ	掉进，掉入	动1
少年	しょうねん	少年	名词
カップル	カップル	一对儿，情侣，一对男女	名词
勉強になる	べんきょうになる	学到东西，有收获	惯用语
～名	～めい	名～，著名～
～込む	～こむ	～进，～入
見事	みごと	精彩，出色	形容动词
カロリー	カロリー	热量，卡路里	名词
見直す	みなおす	重看，重新审视，另眼相看	动1
中高年	ちゅうこうねん	中老年	名词
けいたいしょうせつ（携帯小説）[名]手机小说	けいたいしょうせつ	手机小说	名词
一時	いちじ	一时，临时，暂时	名词
一時的	いちじてき	一时的，临时的，暂时的	形容动词
景山公園	けいざんこうえん	景山公园	专有词
憩い	いこい	休憩，休息	名词
家族連れ	かぞくづれ	带着家人，带着家属	名词
周囲	しゅうい	周围	名词
路地	ろじ	小巷，胡同	名词
無数	むすう	无数	名词
存在	そんざいする	存在	动3
さかのぼる	さかのぼる	追溯，上溯	动1
元	げん	元代，元朝	专有词
敵	てき	敌人，敌；对手，敌手	名词
石垣	いしがき	石墙，石围墙，石垣	名词
住居	じゅうきょ	住宅，住处，居住地，住址	名词
取り囲む	とりかこむ	围绕，包围，围拢	动1
朝市	あさいち	早市，早摊	名词
頻繁	ひんぱん	频繁	形容动词
屋台	やたい	地摊，货摊	名词
時には	ときには	有时	副词
自転車置き場	じてんしゃおきば	自行车存放处	名词
金銭	きんせん	银钱，钱，金钱，钱款	名词
取引所	とりひきじょ	交易所	名词
銭市胡同	チェンシーフートン	钱市胡同	专有词
刃物	はもの	刀，刀具	名词
研ぐ	とぐ	磨快；磨光亮；淘	动1
職人手艺人	しょくにん	工匠，手艺人	名词
磨刀胡同	モータオフートン	磨刀胡同	专有词
四合院	しごういん	四合院	名词
家屋	かおく	房屋，住房	名词
東西南北	とうざいなんぼく	东南西北	名词
棟	むね	むね（棟）[名]屋脊，房顶；大梁，脊檩	名词
改造	かいぞうする	改造，改建，改组	动3
せいぜい	せいぜい	最多，充其量；尽量，尽可能	副词
明	みん	明代，明朝	专有词
つなぐ	つなぐ	连接，拴，系	动1
動き	うごき	动向，动作	名词
歴史文化保護区	れきしぶんかほごく	历史文物保护区	名词
指定	していする	指定	动3
保存	ほぞんする	保存	动3
混在	こんざいする	并存，混在一起	动3
変革	へんかく	变革，改革，变化	名词
～か所	～かしょ	～处，～个地方
～連れ	～づれ	带着～
年配	ねんぱい	相当大年龄；年纪	名词
旅	たび	旅行，旅游	名词
夜空	よぞら	夜空	名词
見上げる	みあげる	仰望，往上看	动2
先祖	せんぞ	先祖，祖先	名词
南東	なんとう	东南	名词
北西	ほくせい	西北	名词
北東	ほくとう	东北	名词
南西	なんせい	南西	名词
東南	とうなん	东南	名词
東南～	とうなんアジア	东南亚	专有词
方角	ほうがく	角，角落	名词
応募	おうぼする	报名参加，应征；应募	动3
蘇州	そしゅう	苏州	专有词
ベニス	ベニス	威尼斯	专有词
誇り	ほこり	骄傲，自豪，自尊心	名词
彫る	ほる	雕刻，雕，刻	动1
今にも	いまにも	眼看就要，马上	专有词
捕まる	つかまる	抓住，逮捕	动1
銃	じゅう	枪，步枪	名词
自殺	じさつする	自杀	动3
かご	かご	笼子，篮子，提篮	名词
塀	へい	墙，院墙，围墙，栅栏	名词
地平線	ちへいせん	ちへいせん（地平線）[名]地平线	名词
泉	いずみ	泉，泉水	名词
正確	せいかく	正确	形容动词
人工衛星	じんこうえいせい	人造卫星	名词
人工	じんこう	人工	名词
打ち上げ	うちあげ	发射	名词
日当たり	ひあたり	向阳，向阳处	名词
植える	うえる	种，植，栽	动2
弁護士	べんごし	律师，辩护律师	名词
中華鍋	ちゅうかなべ	中式双耳浅底锅	名词
コンロ	コンロ	小炉子	名词
欠かす	かかす	缺，缺少	动1
城下町	じょうかまち	（围绕诸侯居住地发展起来的）城市	名词
城	しろ	城，城堡	名词
四方	しほう	四方	名词
塩分	えんぶん	盐分	名词
献立	こんだて	食谱，菜谱	名词
花壇	かだん	花坛	名词
ピンク	ピンク	粉红色，桃红色	名词
紫	むらさき	紫，紫色	名词
寄付	きふする	捐助，捐赠	动3
幸い	さいわい	幸运，荣幸；幸好	形容动词
徐々に	じょじょに	渐渐，逐步	副词
コンクール	コンクール	比赛会，竞赛会	名词
入賞	にゅうしょうする	获奖，得奖	动3
便器	べんき	便桶，便盆，便壶，马桶	名词
柳	やなぎ	柳树	名词
沿う	そう	沿，顺	动1
森	もり	丛林，森林	名词
不動産会社	ふどうさんがいしゃ	房地产公司	名词
抗議	こうぎ	抗议	名词
～沿い	～ぞい	沿～
売り込み	うりこみ	销售，推销	名词
正直	しょうじき	老实，诚实	形容动词
白酒	はくしゅ	白酒	名词
ベース	ベース	基础，基准；基地	名词
上海～	シャンハイパール	上海珍珠	专有词
北京～	ペキンルージュ	北京丹红	专有词
物足りない	ものたりない	不过瘾，不够，不足	名词
当～	とう～	本～，这～
幣～	へい～	蔽～，鄙～
率直	そっちょく	坦率，直率，直爽	形容动词
データ	データ	数据，资料，材料，论据	名词
興味深い	きょうみぶかい	很感兴趣，颇有意思	形容词
売り切れ	うりきれ	卖完，售完，售罄	名词
もっとも	もっとも	话虽如此，可是，不过	连接词
限り	かぎり	限度，极限，止境	名词
旧暦	きゅうれき	农历，阴历	名词
新暦	しんれき	公历，阳历	名词
畑	はたけ	旱田，旱地	名词
失業者	しつぎょうしゃ	失业者	名词
作業	さぎょう	操作，工作，作业	名词
ミス	ミス	失误，错误	名词
故障	こしょう	故障	名词
小社	しょうしゃ	敝公司；小公司	名词
情報	じょうほう	信息，消息，情报	名词
エコロジー	エコロジー	环保；生态学	名词
コンセプト	コンセプト	宗旨，概念	名词
素材	そざい	]材料，素材	名词
筆	ふで	笔，毛笔	名词
お気に召す	おきにめす	中意，合意	惯用语
はっきり	はっきり	清楚，明确	副词
再選	さいせんする	再选，重选	动3
果実酒	かじつしゅ	果酒	名词
健康飲料	けんこういんりょう	健康饮料	名词
カボチャ	カボチャ	南瓜	名词
ヨーグルト	ヨーグルト	酸奶，乳酸饮料	名词
ランチ	ランチ	午餐，便餐	名词
集まり	あつまり	集合，汇合，汇集	名词
記録	きろく	记载，记录；（成绩）记录	名词
掲載	けいさいする	登载，刊登	动3
説	せつ	学说；说法，论点；主张，意见	名词
システム	システム	系统，体系；组织；机构	名词
自動運転	じどううんてん	无人驾驶，自动驾驶	名词
前～	ぜん～	ぜん～（前～）前～
北上貿易	きたかみぼうえき	北上贸易公司	专有词
徳栄	とくえい	德荣	专有词
拝啓	はいけい	敬启者	名词
皆様	みなさま	诸位，各位，大家	名词
存	ぞんずる	打算，想；知道，认识	动3
失礼	しつれい	失礼，失敬；告辞	名词
許す	ゆるす	原谅，宽恕；允许，容许	动1
御社	おんしゃ	贵公司，贵社	名词
酒類	しゅるい	酒类	名词
販売～	はんばいルート	营销渠道，销售渠道	名词
MTS社	エムティーエスしゃ	MTS公司	名词
菊池	きくち	菊池	专有词
後日	ごじつ	改日，将来，日后；事后	名词
折	おり	时，时候	名词
勝手	かって	任意，随便	形容动词
敬具	けいぐ	敬上，谨启	名词
光一	こういち	光一	专有词
上海PEC～	シャンハイペックホテル	上海PEC宾馆	专有词
黒田	くろだ	黑田	专有词
請求	せいきゅうする	索要，请求，要求，索取	动3
まことに	まことに	由衷，实在，诚然，的确，非常	副词
送付	そうふする	寄送，发送，寄出	动3
なお	なお	另外，再者，而且	连接词
不明	ふめい	不清楚，不明确，不明白	形容动词
気軽	きがる	轻松愉快，爽快，舒畅	形容动词
問い合わせる	といあわせる	询问，问，打听	动2
新春の候	しんしゅんのこう	时值新春，新春的问候	惯用语
おめにかかる（お目にかかる）拜会，见面，会见	おめにかかる	拜会，见面，会见	惯用语
～のこう（～の候）～的问候	～のこう	～的问候
おん～（御～）贵～	おん～	贵～
吉日	きちじつ	吉日，好日子	名词
元旦	がんたん	元旦	名词
御中	おんちゅう	（公函）启，公启	名词
若葉	わかば	嫩叶，新叶	名词
春暖	しゅんだん	春暖	名词
青葉	あおば	绿叶	名词
涼風	りょうふう	凉风，清风	名词
ご自愛	ごじあい	保重，自己珍重	名词
一層	いっそう	更加，越发，更；一层	名词
〆	しめ	封，缄	名词
委員	いいん	委员	名词
目撃者	もくげきしゃ	目击者	名词
研究所	けんきゅうじょ	研究所	名词
進化	しんか	进化	名词
貴社	きしゃ	贵公司，贵社	名词
御行	おんこう	贵行	名词
貴行	きこう	贵行	名词
貴校	きこう	贵校	名词
当社	とうしゃ	本公司，本社，该公司	名词
請求書	せいきゅうしょ	帐单，付款通知单	名词
明後日	みょうごにち	后天	名词
ぴかぴか	ぴかぴか	闪闪发光	形容动词
展示品	てんじひん	展品	名词
節	せつ	时节，时候，时期	名词
朱	しゅ	朱	专有词
恐縮	きょうしゅく	抱歉，对不起，过意不去	名词
昼食	ちゅうしょく	午餐，午饭	名词
合併	がっぺいする	合并	动3
ゲームセンター	ゲームセンター	游戏厅，游戏中心	名词
カウンター	カウンター	柜台，服务台	名词
お目にかける	おめにかける	出示，给人看	惯用语
殿	～どの	～先生，～台启
～宛て	～あて	寄给～，送给～
越える	こえる	越过，翻过	动2
メモする	メモする	做记录，做笔记	动3
工事	こうじ	工程，工事	名词
運転免許	うんてんめんきょ	驾驶证，驾驶执照	名词
花火	はなび	焰火，烟花	名词
一瞬	いっしゅん	一瞬，一刹那	名词
下記	かき	记在下面，下列	名词
次郎	じろう	次郎	专有词
詩集	ししゅう	诗集	名词
感想	かんそう	感想	名词
購買傾向	こうばいけいこう	购买意向	名词
再度	さいど	再次，再一次	名词
係員	かかりいん	工作人员，主管人员	名词
了承	りょうしょう	知晓，谅解	名词
願う	ねがう	请求，要求，拜托	动1
あっという間	あっというま	眨眼间，转瞬间	惯用语
クレーム	クレーム	抱怨，不满，投诉，索赔	名词
ひび	ひび	裂痕，皴，皲裂	名词
怒り	いかり	生气，怒，愤怒，气愤	名词
もっとも	もっとも	有道理，合理，正当，理所当然	形容动词
かんかん	かんかん	大发脾气，大怒；（太阳）火辣辣，（火）熊熊	副词
お詫び	おわび	道歉，赔罪，表示歉意	名词
わざわざ	わざわざ	特意，故意	副词
どういったこと	どういったこと	怎么回事	惯用语
ひびが入る	ひびがはいる	出现裂痕，存在裂痕	惯用语
何とか	なんとか	无论如何，想方设法，千方百计	惯用语
～中	～ちゅう	～之中，～当中
～次第	～しだい	一……就……
代金	だいきん	贷款，价款	名词
元通り	もとどおり	照原样	名词
知らせ	しらせ	消息，通知	名词
紙幣	しへい	纸币	名词
高価	こうか	高价，价高	形容动词
瀬戸内海	せとないかい	濑户内海	专有词
洋酒	ようしゅ	洋酒，西洋酒	名词
遠回り	とおまわりする	绕道，绕远	动3
骨	ほね	骨头，骨骼	名词
悩む	なやむ	烦恼，苦恼	动1
肩	かた	肩膀，肩	名词
ムスク	ムスク	口罩；面具	名词
花子	はなこ	花子	专有词
絶交	ぜっこうする	绝交	动3
反省	はんせいする	反省，反思	动3
完了	かんりょうする	完成，完毕	动3
留年	りゅうねんする	留级	动3
領事	りょうじ	领事	名词
石	いし	石头，石块	名词
空き缶	あきかん	あきかん（空き缶）[名]空罐	名词
日差し	ひざし	照射的阳光，阳光照射	名词
照りつける	てりつける	暴晒，毒晒	动2
わざと	わざと	故意，特意，有意	副词
意地悪	いじわる	捉弄，使坏，恶作剧	形容动词
やり直す	やりなおす	重做	动1
仕上げる	しあげる	完成，做成	动2
水道水	すいどうすい	自来水	名词
代名詞	だいめいし	代名词，代词	名词
かび	かび	霉，霉菌	名词
臭い	くさい	有～气味，有～味道；臭	形容词
苦情	くじょう	不满，怨言，抱怨	名词
水道局	すいどうきょく	水利局，自来水公司	名词
浄水器	じょうすいき	净化器，净水器	名词
ところが	ところが	然而，可是，不过	连接词
都庁	とちょう	都政府	名词
大手	おおて	大，大型	名词
飲料～	いんりょうメーカー	饮料公司	名词
ミネラルウォーター	ミネラルウォーター	矿泉水	名词
都	と	都，首都	名词
東京水	とうきょうすい	东京水	专有词
原材料	げんざいりょう	原材料，原料	名词
都内	とない	整个东京都内；东京都中心区	名词
浄水場	じょうすいじょう	净水厂	名词
処理	しょりする	处理，解决	动3
詰める	つめる	装到，装满，填满；挤紧	动2
貯水池	ちょすいち	蓄水池	名词
河川	かせん	河流，河川	名词
水質	すいしつ	水质	名词
浄水処理施設	じょうすいしょりしせつ	净水处理设施	名词
か金町浄水場	かなまちじょうすいじょう	金町净水厂	专有词
葛飾区	かつしかく	葛饰区	专有词
オゾン	オゾン	臭氧	名词
活性炭	かっせいたん	活性炭	名词
微生物	びせいぶつ	微生物	名词
取り除く	とりのぞく	去除，除去	动1
貯水槽	ちょすいそう	蓄水罐	名词
水道管	すいどうかん道	自来水管道	名词
対策	たいさく	措施，对策	名词
伴う	ともなう	随着，伴随；跟随；符合	动1
水源	すいげん	水源	名词
地面	じめん	地面	名词
落ち葉	おちば	落叶	名词
通過	つうかする	通过	动3
土	つち	土壤，土，土地	名词
染み込む	しみこむ	渗进，渗透，浸入	动1
土砂	どしゃ	泥砂，沙土	名词
～ずつ	～ずつ	每～，各～
視聴者	しちょうしゃ	观众，收视者	名词
辞典	じてん	词典，辞典	名词
無断	むだん	擅自，私自，自作主张	名词
天	てん	天，天空；天国；天命	名词
地	ち	地，土地，地球；地面；陆地	名词
議会	ぎかい	议会	名词
法案	ほうあん	法案	名词
予算案	よさんあん	预算案	名词
可決	かけつする	通过	动3
緑化	りょくか	绿化	名词
冷戦	れいせん	冷战	名词
終結	しゅうけつ	结束，终结	名词
強調	きょうちょうする	重视，强调	动3
電灯	でんとう	电灯	名词
旗	はた	旗帜，旗	名词
責任	せきにん	责任	名词
各国	かっこく	各国	名词
紛争	ふんそう	争端，纷争，纠纷	名词
目指す	めざす	向着，朝着	动1
機関	きかん	机构，机关	名词
原則	げんそく	原则	名词
マイナス	マイナス	零下；负，负面	名词
吹雪	ふぶき	暴风雪	名词
観測	かんそく	观测	名词
継続	けいぞくする	继续	动3
原料	げんりょう	原材料，原料	名词
鉄	てつ	铁	名词
鉄鉱石	てっこうせき	铁矿石	名词
頼る	たよる	依靠，依赖	动1
哲学	てつがく	哲学	名词
大工	だいく	木匠	名词
盗み	ぬすみ	偷窃	名词
情けない	なさけない	可耻，没出息	形容词
医師	いし	医生，医师	名词
世話をする	せわをする	照顾，关照，照料	名词
火星	かせい	火星	名词
明らか	あきらか	明显	形容动词
陸地	りくち	陆地	名词
ようやく	ようやく	终于	副词
認める	みとめる	承认，认可	动2
復旧	ふっきゅうする	复旧	动3
入学金	にゅうがくきん	入学金	名词
授業料	じゅぎょうりょう	学费	名词
申し込み用紙	もうしこみようし	申请书	名词
氏名	しめい	姓名，姓和名	名词
生年月日	せいねんがっぴ	出生年月日	名词
記入	きにゅうする	写入，填写	动3
資産	しさん	资产，财产	名词
トンネル	トンネル	隧道，隧洞，地道	名词
回り道	まわりみち	绕道，绕远	名词
通学	つうがく	上学，走读	名词
短縮	たんしゅくする	缩短	动3
食生活	しょくせいかつ	饮食生活	名词
食糧	しょくりょう	粮食，食粮	名词
原油	げんゆ	原油	名词
価格	かかく	价格	名词
サプリメント	サプリメント	营养品，滋补品	名词
ダイレクトメール	ダイレクトメール	信件广告，邮寄广告	名词
NGO	エヌジーオー	民间公益团体	名词
松林	まつばやし	松林	名词
ボランティア	ボランティア	志愿者，志愿参加者	名词
国際交流	こくさいこうりゅう	国际交流	名词
軽自動車	けいじどうしゃ	小型汽车	名词
見直し	みなおし	重新认识	名词
事業	じぎょう	事业	名词
市	し	市；城市，都市	名词
灯	ひ	灯；光线，灯光	名词
考え事	かんがえごと	考虑问题；心事，担心事	名词
解約	かいやくする	解约，解除合同，废约	动3
くじける	くじける	气馁，消沉，颓丧；扭，挫伤	动2
ことわざ	ことわざ	谚语	名词
景色	けしき	景色	名词
しょんぼり	しょんぼり	垂头丧气，无精打采	副词
イメージキャラクター	イメージキャラクター	形象代言人	名词
～だらけ	～だらけ	总是～，净是～，满是～
七転び八起き	ななころびやおき	百折不挠，百折不回	惯用语
変に思う	へんにおもう	觉得奇怪	惯用语
ありがとう	ありがとう	谢谢	惯用语
湯飲み	ゆのみ	茶杯	名词
心配事	しんぱいごと	心事	名词
ひく	ひく	撞，轧	动1
ぐっすり	ぐっすり	熟睡，酣睡	副词
一段と	いちだんと	越发，更加	副词
証拠	しょうこ	证据	名词
採点	さいてんする	打分，判分，判卷	动3
泥	どろ	泥，稀泥；小偷	名词
ついに	ついに	终于，未了，直到最后	名词
交渉	こうしょう	交涉，沟通	名词
前進	ぜんしんする	进展，前进	动3
発車	はっしゃする	发车，开车	动3
急停車	きゅうていしゃする	紧急停车	动3
さっさと	さっさと	赶快地，麻利，快速，赶紧	副词
苦心	くしんする	苦心，费心	动3
立ち上がる	たちあがる	站起来	动1
母親	ははおや	母亲，妈妈	名词
お使い	おつかい	打发出去（买东西、办事等）	名词
追加	ついかする	追加	动3
キャラクター	キャラクター	形象代言人，登场人物；性格，性质	名词
近頃	ちかごろ	最近，近来	名词
まね	まね	模仿，模拟	名词
ごみ捨て場	ごみすてば	垃圾站，垃圾场	名词
ダイヤモンド／ダイヤ	ダイヤモンド／ダイヤ	钻石，金刚石	惯用语
時は金なり	ときはかねなり	一寸光阴一寸金，时间就是金钱	惯用语
膳は急げ	ぜんはいそげ迟	好事不宜迟	名词
借金	しゃっきん	借款	名词
酔っ払う	よっぱらう	醉酒	动1
腹	はら	腹部，肚子	名词
出社	しゅっしゃする	上班	动3
山中	やまなか	山中	专有词
戸棚	とだな	橱，柜	名词
新人	しんじん	新人，新手	名词
線路	せんろ	线路，路线	名词
登山	とざん	登山，爬山	名词
定休日	ていきゅうび	定期休息日，例行休假日	名词
腹を立てる	はらをたてる	生气，发火	惯用语
拳法	けんぽう	拳法，拳术	名词
つまり	つまり	就是，即，就是说；总之，究竟	副词
気	き	气；心情，情绪；精神	名词
戦う	たたかう	战斗，斗争	动1
護身術	ごしんじゅつ	护身术	名词
健康法	けんこうほう	健身法	名词
広場	ひろば	广场	名词
簡化24式太極拳	かんかにじゅうよんしきたいきょくけん	二十四式简化太极拳	名词
中国体育委員会	ちゅうごくたいいくいいんかい	国家体育运动委员会	专有词
制定	せいていする	制定	动3
むしろ	むしろ	不如，与其，宁可，毋宁，莫如	副词
血液	けつえき	血液	名词
循環	じゅんかん	循环	名词
内臓	ないぞう	内脏	名词
肩こり	かたこり	背痛，肩酸，肩部僵硬	名词
腰痛	ようつう	腰痛	名词
不調	ふちょう	不顺利；（会谈等）失败，破裂	名词
解消	かいしょうする	缓解，解除，取消，消灭	动3
効用	こうよう	功效，效用，效果	名词
愛好者	あいこうしゃ	爱好者	名词
愛好	あいこうする	爱好	动3
市長	しちょう	市长	名词
推進	すいしんする	推广，促进，推进	动3
役立てる	やくだてる	使起作用，供使用	动2
練習所	れんしゅうじょ	练习场地，练习场所，训练场所	名词
体育館	たいいくかん	体育馆	名词
講習	こうしゅう	讲授，讲解	名词
数々	かずかず	许多，种种	名词
介護	かいご	护理，照顾	名词
関わる	かかわる	相关，关联	动1
財政	ざいせい	财政	名词
負担	ふたん	负担	名词
軽減	けいげんする	减轻	动3
単に	たんに	仅，只	副词
側面	そくめん	方面，侧面	名词
つながり	つながり	联系，关系	名词
役目	やくめ	作用，任务，职责，职务	名词
果たす	はたす	完成，实现，实行	动1
本家	ほんけ	发祥地，正宗，嫡派；本家，正支	名词
境	さかい	契机，界，边界	名词
未来	みらい	未来，将来	名词
実を結ぶ	みをむすぶ	取得成果，结果；成功，实现	惯用语
役目を果たす	やくめをはたす	发挥作用，完成任务	惯用语
心を1つにする	こころをひとつにする	团结一心，互相协作	惯用语
元～	もと～	原～
全～	ぜん～	全～
歩道	ほどう	人行道	名词
適切	てきせつ	恰当，适当，适合	形容动词
座布団	ざぶとん	坐垫	名词
思わず	おもわず	禁不住，不由得	专有词
うなずく	うなずく	点头	动1
箇所	かしょ	地方，处所	名词
ねじ	ねじ	螺丝钉，螺钉	名词
苦しい	くるしい	痛苦，苦	形容动词
間違う	まちがう	错误，做错	动1
あわただしい	あわただしい	忙乱，急忙，慌忙，慌张	形容动词
苦難	くなん	困难，苦难	名词
乗り越える	のりこえる	渡过；跨过；越过	动2
博士	はかせ	博士	名词
～賞	ノーベルしょう	诺贝尔奖	名词
命	いのち	命，生命	名词
宇宙開発	うちゅうかいはつ	宇宙开发	名词
国際関係	こくさいかんけい	国际关系	名词
おれ	おれ	我，咱，俺	代词
面子	めんつ	面子，颜面，脸面	名词
漢方薬	かんぽうやく	中药	名词
～層	オゾンそう	臭氧层	名词
遮る	さえぎる	阻挡，遮挡，遮住，挡住	动1
新潟県	にいがたけん	新潟县	专有词
社会	しゃかい	社会	名词
何もかも	なにもかも	什么都，什么也	惯用语
愛用	あいようする	爱用，喜欢用	动3
精神面	せいしんめん	精神方面	名词
弱さ	よわさ	柔弱，脆弱	名词
金儲け	かねもうけ	赚钱，获利，挣钱	名词
経営者	けいえいしゃ	经营者	名词
体力作り	たいりょくづくり	增强体力	名词
食べ歩き	たべあるき	边走边吃	名词
防止	ぼうし	防止	名词
胃	い	胃	名词
農薬	のうやく	农药	名词
漬物	つけもの	腌菜，咸菜	名词
倍増	ばいぞうする	倍增	动3
農家	のうか	农民，农家	名词
真剣	しんけん	认真，正经，严肃	形容动词
混雑	こんざつする	混乱，杂乱，拥挤	动3
削減	さくげん	削减，减少	名词
大物	おおもの	大人物	名词
スキャンダル	スキャンダル	丑闻，丑事	名词
信用	しんよう	信用，诚信	名词
存続	そんぞく	存续，长存，永存	名词
知識	ちしき	知识	名词
技術	ぎじゅつ	技术	名词
向上	こうじょう	向上，提高，进步	名词
生命	せいめい	生命	名词
無～	む～	无～，没～
日系	にっけい	日资，日系	名词
独学	どくがく	自学	名词
雲南省	うんなんしょう	云南省	专有词
～茶	プーアルちゃ	普洱茶	名词
熟成～熟	じゅくせいする	发酵，陈年，成熟	动3
深み	ふかみ	味道醇厚，深厚，深度	名词
独特	どくとく	独特，特有	名词
味わい	あじわい	味道；趣味，妙处	名词
特級	とっきゅう	特级	名词
合わせる	あわせる	总共，合计，合并；配合	动2
おまけ	おまけ	免费赠送赠品，另外奉送，附带	名词
ティーバッグ	ティーバッグ	袋泡茶	名词
サービスする	サービスする	附带奉送，廉价出售	动3
いい値段	いいねだん	好价钱，昂贵的价钱
～系	～けい	～方面，～部门
～g	～ぐらむ	～克
～元	～げん	～元
～年物	～ねんもの	～年的物品
～級	～きゅう	～级
合計	ごうけい	总共，合计	名词
税込み	ぜいこみ	含税（的价格）	名词
自宅	じたく	自己家，自己的住宅	名词
余る	あまる	剩余，剩下；过分	动1
板	いた	板，木板	名词
窓辺	まどべ	窗边，窗户附近	名词
めくれる	めくれる	打卷儿，卷缩	动2
中日交流標準日本語	ちゅうにちこうりゅうひょうじゅんにほんご	《中日交流标准日本语》	专有词
金庫	きんこ	保险柜，金库	名词
扉	とびら	门，门扇；扉页	名词
おめでたい	おめでたい	可喜可贺，值得庆贺	形容词
繁殖～	はんしょくする	繁殖	动3
輝く	かがやく	闪亮，放光，辉耀	动1
濃厚	のうこう	味厚，浓厚，醇厚	形容动词
こってり	こってり	味浓，油腻	副词
薄味	うすあじ	味淡，清淡	名词
淡泊	たんぱく然	清淡，淡；坦率；淡然	形容动词
あっさり	あっさり	清淡；朴素；淡泊	副词
さっぱり	さっぱり	清爽；整洁，利落	副词
甘み	あまみ	甜味	名词
辛み	からみ	辣味	名词
苦み	にがみ	苦味	名词
味わう	あじわう	品味，品尝	动1
風味	ふうみ	风味，味道	名词
成立～	せいりつする	成立，完成	动3
仕上がり	しあがり	完成情况	名词
ライブ	ライブ	演唱会	名词
入手	にゅうしゅ	得手，到手，得到	名词
電流	でんりゅう	电流	名词
精神	せいしん	精神	名词
～口	～くち	～味，～口味
試乗	しじょう	试乘	名词
ひき肉	ひきにく	肉末，肉馅	名词
赤～	あかワイン	红葡萄酒	名词
シャンパン	シャンパン	香槟酒	名词
トランプ	トランプ	扑克牌	名词
茶さじ	ちゃさじ	茶匙	名词
キーホルダー	キーホルダー	圈	名词
発酵～	はっこうする	发酵	动3
干し～	ほしブドウ	葡萄干	名词
乾燥～燥	かんそうする	晾干，晒干，干燥	动3
温室	おんしつ	温室	名词
ごちそう	ごちそう	饭菜，好吃的饭菜	名词
料理人	りょうりにん	厨师，炊事员	名词
学会	がっかい	学会	名词
皿洗い	さらあらい	洗盘子，洗碟子	名词
～料	アルバイトりょう	打工挣的钱	名词
弁償～	べんしょうする	赔，赔偿	动3
すだれ	すだれ	帘子，竹帘	名词
文明	ぶんめい	文明	名词
中国茶	ちゅうごくちゃ	中国茶	名词
すっきり	すっきり	爽气，舒畅，畅快；流畅，齐整，整洁	副词
リューマチ	リューマチ	风湿病	名词
痛み	いたみ	疼痛，痛	名词
和らげる	やわらげる	使柔和，使缓和	动2
塗り薬剂	ぬりぐすり	外用药，涂剂，涂抹药剂	名词
嗜好品饮品	しこうひん	嗜好品，嗜好食品，饮品	名词
唐	とう	唐代，唐朝	专有词
栽培～	さいばいする	栽培	动3
飛躍的	ひやくてき	急剧，飞跃，快速	形容动词
各地	かくち	各地	名词
独自	どくじ	特色，独自，个人	名词
品種	ひんしゅ	品种	名词
花茶	はなちゃ	花茶	名词
代表	だいひょう	代表	名词
ジャスミン	ジャスミン	茉莉花，茉莉花香料	名词
キンモクセイ	キンモクセイ	金桂，丹桂	名词
産地	さんち	产地	名词
体内	たいない	体内	名词
脂肪	しぼう	脂肪	名词
中東	ちゅうとう	中东	名词
ルーツ	ルーツ	始祖，根本，本源	名词
過言	かごん	夸大，夸张，言过其实	名词
音	おん	发音，读音，字音	名词
～語	ヒンディーご	印地语	名词
～語	アラビアご	阿拉伯语	名词
～語	トルコご	土耳其语	名词
～語	オランダご	荷兰语	名词
～語	ドイツご	德语	名词
もっぱら	もっぱら	专门，完全	副词
用いる	もちいる	使用，用	动2
必ずしも	かならずしも	未必，不一定	惯用语
嗜好	しこう	嗜好；喜好	名词
鏡	かがみ	镜子	名词
春秋戦国時代	しゅんじゅうせんごくじだい	春秋战国时代	专有词
三国時代	さんごくじだい	三国时代	专有词
秦	しん	秦代	专有词
学ぶ	まなぶ	学习，模仿	动1
信仰～	しんこうする	信仰	动3
国々	くにぐに	各国，诸国	名词
客室	きゃくしつ	客房，客厅	名词
統一～	とういつする	统一	动3
歯～	はブラシ	牙刷	名词
整髪料	せいはつりょう	整发液	名词
大陸	たいりく	大陆	名词
動向	どうこう	走向，动向	名词
専念～	せんねんする	专心，专心致志	动3
疲労	ひろう	疲劳	名词
人間～	にんげんドック	短期住院综合体检	名词
健康診断	けんこうしんだん	体检，健康检查	名词
～症候群	メタボリックしょうこうぐん	代谢症候群，代谢综合症	名词
糖尿病	とうにょうびょう	糖尿病	名词
痛風	つうふう	痛风	名词
ひざ関節炎	ひざかんせつえん	膝关节炎	名词
～代	～だい	～多岁
我慢～	がまんする	忍耐	动3
通用～	つうようする	通用，兼用	动3
電子辞書	でんしじしょ	电子辞典	名词
台所	だいどころ	厨房	名词
ソファー	ソファー	沙发	名词
下着	したぎ	内衣，衬衣	名词
美術品	びじゅつひん	美术品	名词
コック	コック	厨师	名词
規則正しい	きそくただしい	懂规矩，有规矩	形容词
秘訣	ひけつ	秘诀	名词
マザー・テレサ	マザー・テレサ	特里莎嬤嬤	专有词
人類	じんるい	人类	名词
捧げる	ささげる	奉献，贡献	动2
指摘～	してきする	指出	动3
～用品	～ようひん	～用品
榎本	えのもと	榎本	专有词
台本	だいほん	脚本，剧本	名词
承る	うけたまわる	知道，敬悉	动1
デジタルカメラ	デジタルカメラ	数码相机	名词
電話が遠い	でんわがとおい	电话听不清楚	惯用语
外す	はずす	不在，离开；摘下，去除	动1
折り返す	おりかえす	折回，返回	动1
電波	でんぱ	电波	名词
急用	きゅうよう	急事	名词
サイクリング	サイクリング	自行车旅行	名词
審査	しんさ	评审，审查	名词
枝豆	えだまめ	毛豆	名词
販売員	はんばいいん	销售人员	名词
仕入れ	しいれ	采购，买进，购买	名词
席を外す	せきをはずす	不在，离席	惯用语
ごめんください	ごめんください	再见	惯用语
耳が遠い	みみがとおい	耳朵背，听力差	惯用语
お越しいただく	おこしいただく	敬请光临，请过来	惯用语
CS貿易	シーエスぼうえき	CS贸易公司	专有词
東京印刷	とうきょういんさつ	东京印刷厂	专有词
経理	けいり	经营管理；经理	名词
～保険	ヒマワリほけん	向日葵保险公司	专有词
総務	そうむ	总务	名词
山口	やまぐち	山口	专有词
～旅行	スターりょこう	星星旅行社	专有词
斉藤	さいとう	齐藤	专有词
帰社	きしゃ	回公司	名词
広州食品	こうしゅうしょくひん	广州食品公司	专有词
見積もり	みつもり	费用，估计，估价	名词
成田	なりた	成田	专有词
三村電気	みむらでんき	三村电器公司	专有词
MIT－7900	エムアイティーななせんきゅうひゃく	MIT—7900	专有词
コンパクト	コンパクト	小型而内容充实的	形容动词
充実～	じゅうじつする	充实	动3
満載～	まんさいする	满载，装满	动3
可能性	かのうせい	可能性	名词
楽々	らくらく	简单，非常容易；安适	副词
ダイヤル	ダイヤル	旋钮，调谐度盘	名词
夕焼け	ゆうやけ	晚霞	名词
迫力	はくりょく	扣人心弦，动人的力量	名词
打ち上げ花火	うちあげはなび	发射的烟花	名词
レンズ	レンズ	镜头	名词
可能	かのう	可以，可能	名词
動画	どうが	动画	名词
搭載～	とうさいする	装载	动3
シーン	シーン	场景，场面；景色	名词
思い通り	おもいどおり	如自己所想	名词
モード	モード	模式，形式，方法	名词
状態	じょうたい	状态	名词
再生	さいせい	显示；再生，重放	名词
レバー	レバー	操纵柄，手柄，杠杆，控制杆	名词
配置	はいち	设置，配置，安置	名词
充電	じゅうでん	充电	名词
乾電池	かんでんち	干电池	名词
手のひら	てのひら	手掌	名词
小型	こがた	小型	名词
軽量	けいりょう	分量轻	名词
スタイリッシュ	スタイリッシュ	时尚，漂亮	形容动词
ボディ	ボディ	机身	名词
アルミ	アルミ	镀铝，铝	名词
愛着	あいちゃく	留恋，难舍	名词
こだわり	こだわり	精益求精，拘泥	名词
シルバー	シルバー	银，银色	名词
メモリカード	メモリカード	存储卡，记忆卡	名词
接続	せつぞく	接续	名词
ケーブル	ケーブル	电缆，电线	名词
セット	セット	成套，一组；安装，组装	名词
デジタルライフ	デジタルライフ	数码生活	名词
～型	～がた	～型，～型号
～たびに	～たびに	每当……的时候，一……就……
～色	～しょく	～色
次第で	～しだいで	根据～的情况
大学生	だいがくせい	大学生	名词
叫ぶ	さけぶ	喊叫，大声叫	动1
高	こう	高	专有词
血液型	けつえきがた	血型	名词
A型	エーがた	A型	名词
大型	おおがた	大型	名词
H２型～	エイチツーがたミサイル	H2型导弹	名词
気圧配置	きあつはいち	气压态势，气压装置	名词
ピラミッド	ピラミッド	金字塔	名词
ロボット	ロボット	机器人	名词
シェフ	シェフ	厨师，炊事班长	名词
望む	のぞむ	想，希望	动1
社宅	しゃたく	员工住宅	名词
前回	ぜんかい	上次，前一次	名词
勝利	しょうり	胜利	名词
大差	たいさ	很大差别	名词
緊急	きんきゅう	紧急	名词
無事	ぶじ	顺利，平安，无变故	名词
避難～	ひなんする	避难，逃生	动3
訓練	くんれん	训练	名词
おぼれる	おぼれる	溺水，淹没	动2
喜び	よろこび	喜悦	名词
校長先生	こうちょうせんせい	校长先生	名词
判子	はんこ	印章	名词
くしゃみ	くしゃみ	喷嚏	名词
傷跡	きずあと	伤疤	名词
足腰	あしこし	腰腿	名词
衰える	おとろえる	衰弱	动2
こだわる	こだわる	拘泥	动1
食い違い	くいちがい	分歧，不一致	名词
髪型	かみがた	发型	名词
美容院	びよういん	美容美发店	名词
証言	しょうげん	证词	名词
被告	ひこく	被告	名词
有罪	ゆうざい	有罪	名词
能力	のうりょく	能力	名词
つまみ	つまみ	提纽，抓手	名词
取っ手	とって	把儿，把手，手柄	名词
本体	ほんたい	机身	名词
場面	ばめん	场景，场面	名词
様式	ようしき	样式，模式	名词
～跡	～あと	～痕，～痕迹
連日	れんじつ	连日	名词
デジタルオーディオ	デジタルオーディオ	数码音响	名词
さんざん	さんざん	狼狈，糟糕，糟透	形容动词
強風	きょうふう	强风	名词
ペットフード	ペットフード	宠物食品	名词
衛生状態	えいせいじょうたい	卫生状态	名词
食費	しょくひ	伙食费	名词
仏像	ぶつぞう	佛像	名词
量る	はかる	称，测量	动1
実行～	じっこうする	执行，实践	名词
災害	さいがい	灾害	名词
食料	しょくりょう	食品，食物	名词
補充	ほじゅう	补充	名词
本人	ほんにん	本人	名词
検査	けんさ	检查	名词
瓦	かわら	瓦	名词
瓦屋根	かわらやね	瓦屋顶	名词
映る	うつる	映，照	动1
烏蓬船	うほうせん	乌篷船	名词
甕	かめ	缸，罐儿	名词
積む	つむ	装载	动1
以来	いらい	以后，以来	名词
手法	しゅほう	方法，手法	名词
鑒湖	かんこ	鉴湖	专有词
栄える	さかえる	昌盛繁荣，繁荣兴盛，兴旺	动2
まさか	まさか	绝没想到，怎能	副词
酒造	しゅぞう	酿酒（公司）	名词
でしたら	でしたら	那么，如此的话	连接词
面する	めんする	面向，面对	动3
咸亨酒店	かんきょうしゅてん	咸亨酒店	专有词
教科書	きょうかしょ	教科书	名词
載る	のる	登载，记载	动1
魯迅記念館	ろじんきねんかん	鲁迅纪念馆	专有词
立ち寄る	たちよる	顺路到，顺便到；走近	动1
～作り	～づくり	制作～
～関係	～かんけい	～方面，～相关
右手	みぎて	右边，右方；右手	名词
左手	ひだりて	左边，左方；左手	名词
寺院	じいん	寺院	名词
要塞	ようさい	要塞	名词
足元	あしもと	脚底	名词
触れる	ふれる	触摸，碰	动2
噴水	ふんすい	喷泉	名词
水郷	すいごう	水乡	名词
チーズ	チーズ	茄—子（音）	名词
逆光	ぎゃっこう	逆光	名词
見どころ	みどころ	值得看的地方	名词
名産	めいさん	特产，名产	名词
悠久	ゆうきゅう	悠久	名词
一衣帯水	いちいたいすい	一衣带水	名词
隣国	りんごく	邻邦，邻国	名词
衣帯	いたい	带子；衣服和腰带	名词
帯	おび	带子，腰带	名词
隔てる	へだてる	隔开，分开	动2
隣り合う	となりあう	相邻，邻接，挨着	动1
教員	きょういん	教师，教员	名词
犠牲者	ぎせいしゃ	死亡，牺牲者	名词
スタジアム	スタジアム	运动场；棒球场	名词
金融	きんゆう	金融	名词
表通り	おもてどおり	主要街道，大马路	名词
夕日	ゆうひ	夕阳	名词
仏教	ぶっきょう	佛教	名词
半ば	なかば	中间，一半	名词
港	みなと	港口	名词
貿易	ぼうえき	贸易	名词
江戸	えど	江户（时代）	专有词
金閣寺	きんかくじ	金阁寺	专有词
室町	むろまち	室町时代	专有词
移住～	いじゅうする	移居	动3
清水寺	きよみずでら	清水寺	专有词
巡る	めぐる	巡游	动1
定期	ていき	定期	名词
天壇公園	てんだんこうえん	天坛公园	专有词
明の十三陵	みんのじゅうさんりょう	明十三陵	专有词
来日～	らいにちする	来日本	动3
豪華客船	ごうかきゃくせん	豪华客船	名词
誕生～	たんじょうする	诞生	动3
巨大	きょだい	巨大	形容动词
津波	つなみ	海啸	名词
太平洋	たいへいよう	太平洋	名词
漂流～	ひょうりゅうする	漂流	动3
～周	～しゅう	～周
江南古鎮	こうなんこちん	江南古镇	专有词
江南	こうなん	江南	专有词
長江	ちょうこう	长江	专有词
下流	かりゅう	下游，下流	名词
南岸	なんがん	南岸	名词
古鎮	こちん	古镇	名词
烏鎮	うちん	乌镇	专有词
周荘	しゅうそう	周庄	专有词
西塘	せいとう	西塘	专有词
同里	どうり	同里	专有词
朱家角	しゅかかく	朱家角	专有词
水上	すいじょう	水上，水名	名词
初春	しょしゅん	初春	名词
ひときわ	ひときわ	格外，尤其	副词
素朴	そぼく	朴素	形容动词
石畳	いしだたみ	石板路，铺石的地	名词
延々	えんえん	绵延不绝，连绵不断	副词
必見	ひっけん	必须看（的地方）	名词
昆劇	こんげき	昆曲，昆剧	名词
越劇	えつげき	越剧	名词
ぜひとも	ぜひとも	一定，务必	副词
船頭	せんどう	船家，船老大，船夫	名词
瀋庁	しんちょう	牌楼	名词
柱	はしら	柱子	名词
施す	ほどこす	施加，施	动1
雨風	あめかぜ	风雨	名词
ひさし	ひさし	垂檐，房檐	名词
見張る	みはる	瞠目结舌；监视，看守	动1
富豪	ふごう	富豪	名词
退思園	たいしえん	退思园	专有词
見飽きる	みあきる	看厌，看腻	动2
北大街	ほくだいがい	北大街	专有词
商店街	しょうてんがい	商业街，商店街	名词
色濃い	いろこい	浓郁地，浓厚地	形容动词
道幅	みちはば	道路宽度	名词
両側	りょうがわ	两侧	名词
一線街	いっせんがい	一线街	专有词
放生橋	ほうしょうきょう	放生桥	专有词
シンボル	シンボル	象征	名词
目を見張る	めをみはる	瞠目不已，瞪大眼睛	惯用语
～巡り	～めぐり	～游，～巡游
四季	しき	四季	名词
在学	ざいがく	在校，上学	名词
湿度	しつど[名]湿度	湿度	名词
蒸し暑い	むしあつい	闷热	形容词
幼稚園	ようちえん	幼儿园	名词
続々	ぞくぞく	源源不断，陆续，接着	副词
もうもう	もうもう	烟滚滚，烟蒙蒙，灰蒙蒙	副词
煙	けむり	烟	名词
マニア	マニア	～迷，爱好者	名词
募金	ぼきん	募捐，捐款	名词
化粧	けしょう	化妆	名词
捜索活動	そうさくかつどう	搜索活动	名词
研究開発	けんきゅうかいはつ	研究开发	名词
主人公	しゅじんこう	主人公	名词
飽きる	あきる	腻烦，厌烦，厌倦	动2
食べ飽きる	たべあきる	吃腻	动2
聞き飽きる	ききあきる	听腻	动2
画家	がか	画家	名词
クラブ	クラブ	俱乐部	名词
政策	せいさく	政策	名词
求人難	きゅうじんなん	招聘人难	名词
今さら	いまさら	现在更（不……）	副词
風情	ふぜい	情调，风趣，情趣	名词
いわゆる	いわゆる	所谓的	连接词
描写～	びょうしゃする	描写	动3
初～	しょ～	初～
晩～	ばん～	晚～
初期	しょき	初期	名词
推し進める	おしすすめる	推进	动2
適～	てきする	适合，适切	动3
生涯	しょうがい	生涯	名词
信頼関係	しんらいかんけい	信赖关系	名词
古都	こと	古都	名词
友好	ゆうこう	友好	名词
兵馬俑	へいばよう	兵马俑	专有词
リーダーシップ	リーダーシップ	领导能力，统率力	名词
ミステリーツアー	ミステリーツアー	探险旅游，探秘旅行	名词
見物	けんぶつ	游览，观光	名词
埋め尽くす	うめつくす	挤满，填满	动1
結論	けつろん	结论	名词
山頂	さんちょう	山顶	名词
探求心	たんきゅうしん	探求心	名词
～心	～しん	～心
なんて	なんて	简直，多少，实在	副词
ビクトリアピーク	ビクトリアピーク	维多利亚峰	专有词
眺める	ながめる	看，眺望，观看	动2
不自然	ふしぜん	不自然	形容动词
ナイトクルージング	ナイトクルージング	豪华夜景巡航游	名词
海上	かいじょう	海上	名词
停泊～	ていはくする	停泊	动3
それなら	それなら	那样的话	接续词
一切	いっさい	一概，一切	副词
強烈	きょうれつ	强烈	形容动词
シナリオ	シナリオ	剧本	名词
修正～	しゅうせいする	修改，修正	动3
１００万～の夜景	ひゃくまんドルのやけい	价值100万美元的夜景
東方の真珠	とうほうのしんじゅ	东方明珠	专有词
おお	おお	哎呀，啊	感叹词
釣る	つる	钓，钓鱼	动1
頼もしい	たのもしい	靠得住，有出息，有望	形容词
おしゃべり	おしゃべり	爱说的人；好说话，健谈	形容动词
かわいらしい	かわいらしい	可爱	形容词
農産物	のうさんぶつ	农作物	名词
増やす	ふやす	增加	动1
虫歯	むしば	蛀牙，虫牙，龋齿	名词
歯医者	はいしゃ	牙医	名词
飲み会	のみかい	聚会，餐会	名词
当てはまる	あてはまる	适合；适用	动1
スカーフ	スカーフ	披肩，围巾	名词
ギャンブル	ギャンブル	赌博，投机	名词
責任を取る	せきにんをとる	负责任，承担责任	惯用语
映画監督	えいがかんとく	电影导演	名词
天国	てんごく	天堂，天国	名词
地獄	じごく	地狱	名词
横切る	よこぎる	横过，横穿过	动1
流れ星	ながれぼし	流星	名词
ビザ	ビザ	签证，入境许可证	名词
成り立つ	なりたつ	成立	动1
能率	のうりつ	效率	名词
再建～	さいけんする	重新建设	动3
向こう岸	むこうぎし	对岸	名词
距離	きょり	距离	名词
測る	はかる	测量，测算	动1
傷つける	きずつける	伤害，弄伤	动2
確実	かくじつ	确实；准确	形容动词
夢を見る	ゆめをみる	做梦，梦见	惯用语
緊迫～	きんぱくする	激烈，紧迫，紧张	动3
中断～	ちゅうだんする	打断，中断	动3
放送局	ほうそうきょく	电视台，广播电台	名词
広告収入	こうこくしゅうにゅう	广告收入	名词
運営～	うんえいする	运营，经营，管理	动3
したがって	したがって	因此，所以	接续词
目的	もくてき	目的	名词
広告主	こうこくめし	广告出资人，出资做广告的人	名词
利害	りがい	利害	名词
常に	つねに	总是，常常，时常	副词
対立～	たいりつする	对立	动3
チャンネル	チャンネル	频道	名词
記憶	きおく	记忆	名词
CM～	シーエムソング	广告歌曲	名词
親しむ好	したしむ	亲近；喜好	动1
タレント	タレント	偶像明星，演员	名词
起用～	きようする	起用，任用	动3
一流	いちりゅう	一流	名词
出演～	しゅつえんする	出演	动3
メロディ	メロディ	旋律，曲调	名词
しばしば	しばしば	经常，每每，常常	副词
作り上げる	つくりあげる	制作，做完	动2
貢献	こうけん	贡献	名词
メッセージ	メッセージ	信息；短信；口信	名词
発信～	はっしんする	传达，发信	动3
莫大	ばくだい	大量，莫大	形容动词
手間	てま	人力，劳力和时间，功夫	名词
～側	～がわ	～方，～侧
あの手この手を使って	あのてこのてをつかって	千方百计
知らず知らずのうちに	しらずしらずのうちに	不知不觉地，没意识到
超～	ちょう～	超……，太……
行為	こうい	行为	名词
迷惑～	めいわくする	感到麻烦，遭受烦扰	动3
郵便受け	ゆうびんうけ	信箱，邮筒	名词
住民	じゅうみん	居民	名词
騒音	そうおん	噪音	名词
便秘	べんぴ	便秘	名词
錯覚～	さっかくする	错觉	动3
自己中心的	じこちゅうしんてき	以自我为中心	形容动词
就任	しゅうにん	就任，赴任	名词
後輩	こうはい	后进，晚辈	名词
居眠り	いねむり	瞌睡，打盹儿	名词
応援～	おうえんする	声援，支援	动3
秘書	ひしょ	秘书	名词
購入～	こうにゅうする	买进，购入	动3
金～	きんメダル	金牌	名词
長女	ちょうじょ	长女	名词
団体行動	だんたいこうどう	团体行动	名词
誘導	ゆうどう	引导，诱导	名词
損害	そんがい	损害，损失	名词
損失	そんしつ	损失	名词
抱える	かかえる	担负，承担	动2
～題	～だい	～题
年賀状	ねんがじょう	贺年卡	名词
意外と	いがいと	意外地	副词
実力	じつりょく	实力	名词
見本	みほん	样品，样本	名词
引っくり返る	ひっくりかえる	倒，翻倒	动1
おろそか	おろそか	不认真，马马虎虎	形容动词
指定券	していけん	对号票，对号入座票	名词
正午	しょうご	正午	名词
還暦	かんれき	花甲，满六十岁	名词
選考	せんこう	选拔	名词
ゲスト	ゲスト	嘉宾，客人	名词
やった	やった	太好了，太棒了	感叹词
越す	こす	超过，胜过	动1
部門	ぶもん	部门	名词
押さえる	おさえる	订，抓住；把握，掌控；压，按	动2
随一	ずいいち	首屈一指，第一	名词
水都酒楼	すいとしゅろう	水都酒楼	专有词
総料理長	そうりょうりちょう长	总厨师长	名词
特級調理師	とっきゅうちょうりし	特级厨师	名词
腕前	うでまえ	手艺，能力，本事	名词
認定	にんてい	认可，认定	名词
ランクづけ	ランクづけ	确定等级，确定排名
足を運ぶ	あしをはこぶ	特意去，特意前往
数～	すう～	数～
婚約～	こんやくする	定婚，婚约	动3
すすめる	すすめる	劝，劝告，推荐	动2
一口	ひとくち	一口，一点	名词
ウール	ウール	羊毛，毛织品	名词
手触り	てざわり	手感，手摸时的感觉	名词
ストラップ	ストラップ	手机佩带，吊带，皮带，布带	名词
イギリス	イギリス	英国	专有词
ひげ	ひげ	胡子	名词
生やす	はやす	留，使……生长	形容动词
カップ	カップ	杯子，茶杯，咖啡杯	名词
乱れる	みだれる	乱，不平静	动2
年末	ねんまつ	年底，年末	名词
公式	こうしき	（数学）公式，正式	名词
無論	むろん	当然，不用说	副词
ひざ	ひざ	膝盖，膝关节	名词
中小企業	ちゅうしょうきぎょう	中小企业	名词
有能	ゆうのう	有能干，能干，有才干	形容动词
警告～	けいこくする	警告	动3
腸	ちょう	肠	名词
肝臓	かんぞう	肝脏	名词
数日	すうじつ	几天	名词
お世話様でした	おせわさまでした	麻烦您了，承蒙帮助	惯用语
方々	かたがた	各位，诸位	名词
編集部	へんしゅうぶ	编辑部	名词
富士～	ふじカメラ	富士相机	专有词
送り迎え	おくりむかえ	迎送，接送	名词
手配	てはい	筹备，安排，布置	名词
欠勤	けっきん	缺勤	名词
やる気	やるき	干劲儿	名词
展示会	てんじかい	展示会，展览会	名词
ゲーム	ゲーム	游戏	名词
トレーニングする	トレーニングする	练习，训练，锻炼	动3
乾燥機	かんそうき	干燥机	名词
洗剤	せんざい	洗涤剂	名词
緩和	かんわ	缓和	名词
～語	ベトナムご	越南语	名词
近世	きんせい	近代	名词
～機	～き	～机
数える	かぞえる	数，计算，列举	动2
巻き寿司	まきずし	寿司卷	名词
握り寿司	にぎりずし	手攥寿司	名词
生魚	なまざかな	生鱼	名词
応じる	おうじる	适应，接受，回答，答应	动2
創作料理	そうさくりょうり	新创料理	名词
のり	のり	紫菜，海藻	名词
のり巻き	のりまき	紫菜卷寿司	名词
外側	そとがわ	外面，外侧	名词
巻く	まく	卷，卷起	动1
裏巻き	うらまき	夹心卷，反过来卷，把紫菜卷在里面的寿司	名词
アボカド	アボカド	鳄梨，鳄梨树，油梨	名词
カニカマ	カニカマ	仿蟹肉	名词
サーモン	サーモン	三文鱼，鲑鱼，大马哈鱼	名词
マグロ	マグロ	金枪鱼	名词
ソース	ソース	西洋辣酱油，沙司，调味汁	名词
漬ける	つける	腌，浸，泡，浸泡	动2
フライ	フライ	油炸食品	名词
ねた	ねた	做寿司用的配料；新闻素材，（犯罪）证据	名词
生～	なまハム	生火腿	名词
考案～	こうあんする	设计，规划	动3
こらす	こらす	绞尽脑汁，凝，集中	动1
従来	じゅうらい	以前，直到现在	名词
アレンジする	アレンジする	改制，整理，排列，准备，安排	动3
たらこ	たらこ	鳕鱼子，咸鳕鱼子	名词
スパゲッティ	スパゲッティ	意大利面条	名词
納豆	なっとう	纳豆	名词
即す	そくす	适应，结合，符合	动1
江戸前	えどまえ	江户式的，江户派，在东京湾钓的鱼	名词
ニュージーランド	ニュージーランド	新西兰	专有词
逆輸入～	ぎゃくゆにゅうする	（出口以后）重又进口，再输入	动3
SUSHI	すし	寿司
創意工夫	そういくふう	煞费苦心，设法搞创新	惯用语
～前	～まえ	～式，～派，～特点
信念	しんねん	信念	名词
貫く	つらぬく	穿过，贯彻	动1
棒球	ピッチャー	投手	名词
最終回	さいしゅうかい	最后一局，最后一次	名词
途中	とちゅう	过程中，中途；途中	名词
すし飯	すしめし	（做寿司用的）甜酸饭	名词
ちらし寿司	ちらしずし	什锦寿司饭，散寿司饭	名词
賃金	ちんぎん	薪水，工资，薪金，报酬	名词
岩	いわ	岩石	名词
毛布	もうふ	毯子，毛毯	名词
現状	げんじょう	状况，现状	名词
楽観的	らっかんてき	乐观的	形容动词
当初	とうしょ	当初	名词
手料理	てりょうり	亲手做的菜	名词
四つ葉	よつば	四瓣儿叶子	名词
クローバー	クローバー	紫苜蓿，三叶草	名词
五つ葉	いつつば	五片叶子	名词
～通す	～とおす	～彻底，～结束，～完
種	たね	种子	名词
鉢	はち	盆，钵	名词
乗客	じょうきゃく	乘客	名词
削除～	さくじょする	删除	动3
語学	ごがく	语言学	名词
過去	かこ	过去	名词
例	れい	例，例子	名词
処分	しょぶん	处分，处理	名词
縛る	しばる	束缚	动1
実情	じっじょう	实情	名词
縮小～	しゅくしょうする	缩小	动3
立場	たちば	立场	名词
いいかげん	いいかげん	马马虎虎．不正经；恰当	形容动词
セキュリティ	セキュリティ	保安．防犯．安全	名词
月餅	げっペい	月饼	名词
鋭い	するどい	尖锐，锋利	形容词
都心	としん	城市中心	名词
カーブ	カーブ	转弯，弯曲，（棒球）曲线球	名词
スポーツクラブ	スポーツクラブ	体育俱乐部	名词
快適	かいてき	舒服，舒适，愉快	形容动词
音声	おんせい	音声．声音	名词
ペン	ペン	笔，钢笔．自来水笔	名词
認識～	にんしきする	认识	动3
前夜	ぜんや	前夜	名词
イベントホール	イベントホール	（集会、活动）大厅，比赛大厅	名词
省～	しょうエネ	节能，节省能源	名词
表彰～	ひょうしょうする	表彰	动3
厨房	ちゅうぼう	厨房	名词
力仕事	ちからしごと	体力活儿	名词
重役	じゅうやく	领导，懂事，监事；重要职位	名词
段取り	だんどり	安排，顺序；打算，计划	名词
だって	だって	因为，可是，但是	接续词
じれったい	じれったい	令人焦急，惹人着急	形容词
鈍い	にぶい	迟钝；暗淡，沉闷	形容词
本部	ほんぶ	总部，本部	名词
島	しま	岛，岛屿	名词
島民	とうみん	岛上居民	名词
法	ほう	法律；方法	名词
平均点	へいきんてん	平均分，平均点	名词
泣き虫	なきむし	爱哭的人	名词
専務	せんむ	专务董事，专职	名词
なぜ	なぜ	为什么，为何，何故	副词
配達	はいたつ	送，投递	名词
光太郎	こうたろう	光太郎	专有词
良一	りょういち	良一	专有词
鈍感	どんかん	感觉迟钝	形容词
めったに	めったに	很少，不常	形容词
～学部	～がくぶ	～系，～学部
ずらりと	ずらりと	一大排，成排地	副词
武田	たけだ	武田	专有词
両替	りょうがえ	兑换，换钱	名词
名簿	めいぼ	名薄，名册，名单	名词
愛し合う	あいしあう	互爱，相互爱慕	动1
互いに	たがいに	交互，交替，相互	副词
明子	あきこ	明子	专有词
デート	デート	异性间的约会；日期，年月日	名词
ずるい	ずるい	狡猾，奸诈	形容词
異常気象	いじょうきしょう	气候异常	名词
豪雨	ごうう	暴雨，大雨	名词
干ばつ	かんばつ	干旱	名词
ハリケーン	ハリケーン	飓风，台风	名词
南極	なんきょく	南极	专有词
島国	しまぐに	岛国	名词
大気	たいき	大气，空气	名词
温室効果～	おんしつこうかガス	温室效应气体	名词
一定	いってい	一定，规定；固定	名词
暖かさ	あたたかさ	温暖程度	名词
及ぼす	およぼす	影响到，波及，达到	动1
二酸化炭素	にさんかたんそ	二氧化碳	名词
発電	はつでん	发电	名词
排出～	はいしゅつする	排放，排出	动3
砂漠	さばく	沙漠	名词
森林破壊	しんりんはかい	森林破坏	名词
吸収～	きゅうしゅうする	吸收	动3
吸収源	きゅうしゅうげん	吸收源	名词
激減～	げきげんする	骤减，剧减	动3
要因	よういん	重要原因，主要原因，主要因素	名词
風力	ふうりょく	风力	名词
植林活動	しょくりんかつどう	植树活动	名词
講じる	こうじる	采取，寻求，谋求；讲说，朗读	动2
ここ	ここ～	～近～，最近～
対策を講じる	たいさくをこうじる	采取对策，寻求对策	惯用语
プログラム	プログラム	程序；项目，计划，节目	名词
扇風機	せんぷうき	风扇，电风扇	名词
神	かみ	神仙，上帝	名词
新聞社	しんぶんしゃ	报社，报馆	名词
社説	しゃせつ	社论	名词
重み	おもみ	分量，重要性，重量	名词
人体	じんたい	人体	名词
着色料	ちゃくしょくりょう	着色剂，染色剂	名词
平凡	へいぼん	平凡，普通，平常	形容动词
確保～	かくほする	确保	动3
省～	しょうエネルギー	节省能源	名词
エアコン	エアコン	空调	名词
悪口	わるくち	坏话	名词
エジソン	エジソン	爱迪生	专有词
支出	ししゅつ	支出	名词
昼寝	ひるね	午休，午睡，午觉	名词
リズム	リズム	节奏，韵律	名词
崩す	くずす	打乱，拆散，搞乱	动1
自給	じきゅう	自给	名词
半減～	はんげんする	减半	动3
スポンサー	スポンサー	资助者，赞助单位；出资做广告者	名词
要求	ようきゅう	要求，请求	名词
漁師	りょうし	渔夫，渔民	名词
望遠鏡	ぼうえんきょう	望远镜	名词
過半数	かはんすう	超过半数，过半	名词
器具	きぐ	器具，用具，器械	名词
体積	たいせき	体积	名词
送料	そうりょう	运费，邮费	名词
湧く	わく	涌现，产生；涌出，冒出	动1
拍手	はくしゅ	鼓掌，拍手	名词
かえって	かえって	反倒，反而	副词
主催～	しゅさいする	主办，举办	动3
盛況	せいきょう	盛况	名词
スーパーマーケット	スーパーマーケット	超市	名词
キャー	キャー	哎呀	感叹词
利益	りえき	利益	名词
随筆	ずいひつ	随笔	名词
～屋	ケーキや	蛋糕店	名词
停める	とめる	停，停泊，停放	动2
凹む	へこむ	凹陷，凹下，陷下；服输	动1
客間	きゃくま	客厅	名词
缶詰	かんづめ	罐头	名词
ママ	ママ	妈妈	名词
ライター	ライター	打火机	名词
国際社会	こくさいしゃかい	国际社会	名词
バンド	バンド	乐队，乐团；腰带，皮带	名词
漫才～	まんざいコンビ	相声搭档	名词
設立～	せつりつする	设立	动3
励まし	はげまし	鼓励，勉励	名词
妥協～	だきょうする	妥协	动3
当人	とうにん	本人，当事人	名词
なす	なす	完成，形成，构成；做，为	动1
勇気	ゆうき	勇气	名词
事態	じたい	事情，事态，情况	名词
通常	つうじょう	一般情况，通常	名词
最悪	さいあく	最坏，最糟，最差	形容动词
想定～	そうていする	想象到，设想，设定，预定，预期	动3
中年	ちゅうねん	中年	名词
スタンド	スタンド	台灯	名词
明かり	あかり	灯，光线	名词
おばけ	おばけ	鬼，妖怪	名词
文学	ぶんがく	文学	名词
ぎっしり	ぎっしり	满满的，紧紧的	形容动词
あらすじ	あらすじ	梗概，概要	名词
史実	しじつ	史实	名词
構成	こうせい	构成，结构	名词
組み合わせ	くみあわせ	配合，搭配，组合	名词
SF小説	エスエフしょうせつ	科幻小说	名词
読者	どくしゃ	读者	名词
設定	せってい	设定	名词
巣	す	巢，巢穴	名词
資金	しきん	资金	名词
許可	きょか	许可，允许	名词
納得	なっとく	接受，理解	名词
上達	じょうたつ	进步，长进	名词
復興	ふっこう	复兴，重建	名词
捕まえる	つかまえる	捉住，逮住；抓住	动2
開花	かいか	开花	名词
もむ	もむ	互相拥挤，乱作一团；推拿；揉搓	动1
気象庁	きしょうちょう	气象局，气象厅	名词
スーパーコンピュータ	スーパーコンピュータ	超级计算机	名词
更新～	こうしんする	更新	动3
万全	ばんぜん	万无一失，万全	名词
体制	たいせい	体制	名词
臨む	のぞむ	面临，面对	动1
式	しき	公式，式，算式	名词
当てはめる	あてはめる	填，应用，适用	动2
導き出す	みちびきだす	导出，引出，推导	动1
寒波	かんぱ	寒流，寒潮	名词
相次ぐ	あいつぐ	接连不断，相继，陆续	动1
果たして	はたして	究竟，到底	副词
無関心	むかんしん	漠不关心	形容动词
宣言	せんげん	宣布，宣言	名词
飛び交う	とびかう	漫天飞舞，飞来飞去	动1
花見	はなみ	赏花，看花	名词
職場	しょくば	工作单位，工作岗位	名词
密着～	みっちゃくする	密切，紧密	动3
塩漬け	しおづけ	腌渍	名词
桜茶	さくらちゃ	樱花茶	名词
あんパン	あんパン	豆沙面包	名词
桜餅	さくらもち	樱花糕，樱花饼	名词
木材	もくざい	木材	名词
木工	もっこう	木工	名词
用材	ようざい	木材，木料	名词
樹皮	じゅひ	树皮	名词
茶筒	ちゃづつ	茶筒，茶桶	名词
工芸品	こうげいひん	工艺品	名词
玉淵潭公園	ぎょくえんたんこうえん	玉渊潭公园	专有词
寄贈～	きぞうする	赠送，增予	动3
ちなみに	ちなみに	补充一句，顺便，附带	接续词
気をもむ	きをもむ	焦躁不安，牵肠挂肚	惯用语
～分	～ぶ	～分，～成
～分咲き	～ぶざき	花开～成
児童	じどう	儿童	名词
IC～	アイシータグ	IC识别卡，条形码，条码签	名词
寒暖	かんだん	冷暖	名词
差	さ	差，差别，差额	名词
日本列島	にほんれっとう	日本列岛	名词
あれこれ	あれこれ	这个那个，种种	名词
整える	ととのえる	完善，完备	动2
出題例	しゅつだいれい	题例，例题	名词
ショップ	ショップ	商店，小卖店	名词
災難	さいなん	灾难	名词
勝負	しょうぶ	胜负	名词
勝敗	しょうはい	胜败	名词
五分五分	ごぶごぶ	五五分，各半	名词
引き分け	ひきわけ	平手，分开，平分	名词
粒あん	つぶあん	红豆馅儿	名词
こしあん	こしあん	红豆沙，豆沙馅儿	名词
滋賀県	しがけん	滋贺县	专有词
霞ヶ浦	かすみがうら	霞浦	专有词
茨城県	いばらきけん	茨城县	专有词
基準木	きじゅんぼく	基准树	名词
開花前線	かいかぜんせん	开花前锋	名词
桜前線北上中	さくらぜんせんほくじょうちゅう	樱花前锋正在北移	惯用语
～分	～ぶん	～份，～分量
校舎	こうしゃ	校舍	名词
来春	らいしゅん	明春，明年春天	名词
ヒット	ヒット	（棒球）安打	名词
原動力	げんどうりょく	原动力	名词
鄧小平	とうしょうへい	邓小平	专有词
こう	こう	红	专有词
プロ	プロ	专业，职业	名词
主席	しゅせき	主席	名词
薄型	うすがた	薄型	名词
機種	きしゅ	机种	名词
海水浴	かいすいよく	海水浴	名词
アルコール	アルコール	酒精，乙醇；酒	名词
中毒	ちゅうどく	中毒	名词
欠点	けってん	缺点，弱点	名词
安定	あんてい	安定，稳定	名词
いや	いや	不；哎呀	感叹词
用	よう	事情	名词
ついで	ついで	顺便，就便	名词
台無し	だいなし	搞砸，弄坏，糟蹋	名词
勇気づける	ゆうきづける	鼓励，打气	动2
第一	～だいいち	～第一，～最重要
かわいがる	かわいがる	喜爱，疼爱	动1
焦がす	こがす	炒煳，烧煳，烤焦	动1
作り直す	つくりなおす	重做	动1
安易	あんい	不经意的，不经心的；容易；安闲	形容动词
築く	きずく	建立；积累	动1
映画祭	えいがさい	电影节	名词
マイク	マイク	麦克风，话筒	名词
タワー	タワー	塔	名词
展望台	てんぼうだい	瞭望台	名词
架け橋	かけはし	桥梁；吊桥，浮桥；梯子	名词
かなう	かなう	能实现，如愿以偿	动1
寝込む	ねこむ	卧床不起；熟睡	动1
元気づける	げんきづける	使振作，鼓劲，打气，使打起精神	动2
活気づける	かっきづける	使充满活力	动2
地元	じもと	当地，本地	名词
活性化	かっせいか	振兴，激活；活性化	名词
委員会	いいんかい	委员会	名词
失敗に終わる	しっぱいにおわる	以失败告终	惯用语
～祭	～さい	～节，～活动
くよくよ	くよくよ	担心，闷闷不乐	副词
お父様	おとうさま	父亲大人	名词
気の毒	きのどく	可怜，悲惨	形容动词
診る	みる	诊断	动2
日比谷公園	ひびやこうえん	日比谷公园	专有词
スポーツウェア	スポーツウェア	运动服	名词
抗生物質	こうせいぶっしつ	抗生素	名词
せき止め	せきどめ	止咳药，止咳剂	名词
かゆい	かゆい	痒	形容词
痛み止め	いたみどめ	止痛药	名词
お気の毒に	おきのどくに	真可怜	惯用语
足を伸ばす	あしをのばす	去，到，前往	惯用语
～共和国	チェコきょうわこく	捷克共和国	专有词
親善大使	しんぜんたいし	友好大使，亲善大使	名词
二足歩行～	にそくほこうロボット	双足行走机器人	名词
ASIMO	アシモ	ASIMO	专有词
晩餐会	ばんさんかい	晚餐	名词
～語	チェコご	捷克语	名词
喝采	かっさい	喝彩	名词
反する	はんする	相反；违反	动3
産業	さんぎょう	产业	名词
制御～	せいぎょする	控制，操纵，驾驭	动3
腕	うで	手臂，胳膊	名词
救助	きゅうじょ	救助	名词
IRS蒼竜	アイアールエスそうりゅう	IRS苍龙	专有词
潜る	もぐる	潜入，钻过，钻入	动1
生存者	せいぞんしゃ	生存者，生还者	名词
蛇	へび	蛇	名词
細長い	ほそながい	细长	形容词
あるいは	あるいは	或者，或	接续词
奴隷	どれい	奴隶	名词
老人	ろうじん	老人	名词
分野	ぶんや	方面，领域	名词
長寿国	ちょうじゅこく	长寿国	名词
話し相手	はなしあいて	说话对象，谈话对象，交谈对象	名词
万一	まんいち	万一	副词
主人	しゅじん	主人	名词
助け	たすけ	帮助	名词
カレル・チャペック	カレル・チャペック	卡雷尔·恰佩克	专有词
菊	きく	菊花	名词
R．U．R．	エル・ウー・エル	R.U.R	专有词
反乱	はんらん	叛乱，反叛	名词
滅ぼす	ほろぼす	毁灭，使灭亡	动1
友	とも	朋友	名词
生みの親	うみのおや	创造者，创始人；亲生父母	名词
～映画祭	カンヌえいがさい	嘎纳电影节	专有词
来場者	らいじょうしゃ	参加者	名词
中退～	ちゅうたいする	中途退学	动3
または	または	或者，或	接续词
もしくは	もしくは	或者	接续词
もしも	もしも	或许，如果，假如	副词
万が一	まんがいち	万一	副词
備える	そなえる	准备，防备	动2
非常食	ひじょうしょく	储备食品，储备粮	名词
倉庫	そうこ	仓库	名词
貯蔵～	ちょぞうする	储藏	动3
得点～	とくてんする	得分	动3
有力	ゆうりょく	有力，有势力	形容动词
候補	こうほ	候选人，候补	名词
落選～	らくせんする	落选	动3
グループホーム	グループホーム	集体康复之家	名词
共同	きょうどう	共同	名词
生かす	いかす	发挥，有效利用	动1
保険証	ほけんしょう	保险证	名词
中旬	ちゅうじゅん	中旬	名词
下旬	げじゅん	下旬	名词
掲示板	けいじばん	布告板，告示牌，告示栏，公告栏	名词
待ち合わせ	まちあわせ	等候，约会，碰头	名词
希薄	きはく	稀薄	形容动词
混乱～	こんらんする	混乱	动3
片づけ	かたづけ	收拾，整理	名词
～証	～しょう	～证
反響	はんきょう	反响，反应；回音	名词
宮保鶏丁	ゴンバオジーディン	宫保鸡丁	名词
無口	むくち	说话少，沉默寡言	形容动词
栄転	えいてん	高升，晋升，荣升	名词
かい	かい	价值，意义	名词
心配をかける	しんぱいをかける	使担心，使挂念	惯用语
その気になる	そのきになる	有那样的想法	惯用语
結婚記念日	けっこんきねんび	结婚纪念日	名词
グルメ	グルメ	美食家	名词
頂戴～	ちょうだいする	领受，收到；吃	动3
配慮～	はいりょする	照顾，关怀，照料	动3
宴会	えんかい	宴会，宴席	名词
中古車	ちゅうこしゃ	二手车，旧车	名词
休業	きゅうぎょう	不营业，歇业，停止营业	名词
着替える	きがえる	换衣服，更衣	动2
犠牲	ぎせい	牺牲（利益）；代价	名词
クリーニング	クリーニング	清洗，干洗	名词
役人	やくにん	官员，公务员	名词
大臣	だいじん	大臣，部长	名词
偉大	いだい	伟大	形容动词
入学試験	にゅうがくしけん	升学考试，入学考试	名词
よかった	よかった	太好了
仕方がない	しかたがない	……得不得了，……得要命
～っぶり	～っぶり	……的样子
着替え	きがえ	更衣，更换的衣服	名词
準備運動	じゅんびうんどう	准备活动	名词
計算機	けいさんき	计算机	名词
支店長	してんちょう	分店经理，分公司经理	名词
真冬	まふゆ	隆冬，深冬	名词
受かる	うかる	考上，考中，及格	动1
ジョーク	ジョーク	玩笑，笑话，诙谐	名词
宇宙食	うちゅうしょく	太空食品	名词
補給	ほきゅう	补给，补充	名词
重力	じゅうりょく	重力	名词
初頭	しょとう	初，最初，初期，开头	名词
チューブ	チューブ	软管，管筒	名词
ペースト	ペースト	糊状食品，糊，膏，酱	名词
地上	ちじょう	地球上，地上，地面上	名词
いつまでも	いつまでも	永远，始终，到什么时候也	副词
望ましい	のぞましい	最好，最理想	形容词
何しろ	なにしろ	因为，由于；无论怎样，总之	副词
宇宙船	うちゅうせん	宇宙飞船	名词
飛び散る	とびちる	四处飞散，洒落，飘洒，飞洒	动1
汁	しる	汤汁，汤，汁；汁液	名词
びっしり	びっしり	密密麻麻地，满满地，空隙	副词
詰まる	つまる	塞满，挤满，堆满；堵塞，不通	动1
精密機器	せいみつきき	精密仪器，精密器械	名词
任務	にんむ	任务	名词
遂行	すいこう	完成，执行，贯彻	名词
乗組員	のりくみいん	宇航员，乘务员，机务员	名词
向井千秋	むかいちあき	向井千秋	专有词
スペースシャトル	スペースシャトル	航天飞机	名词
搭乗～	とうじょうする	搭乘	动3
いなり寿司	いなりずし	油豆腐寿司	名词
たこ焼き	たこやき	烤章鱼球	名词
難題	なんだい	难题	名词
楊利偉	ようりい	杨利伟	专有词
神舟５号	しんしゅうごごう	神舟五号	专有词
とり肉の～炒め	とりにくのカシューナッツいため	宫保鸡丁	名词
豚肉の四川風唐辛子炒め	ぶたにくのシセンふうとうがらしいため	鱼香肉丝	名词
魚香肉絲	ユイシャンロウスー	鱼香肉丝	名词
博する	はくする	博得，获取，获得，得到	动1
何でもない	なんでもない	没什么特别的，算不了什么，不值一提	惯用语
～状	～じょう	～状，～样子，～状态
～初	～はつ	第一次～，初次～，最早～
多額	たがく	大笔，大量，巨额	名词
会長	かいちょう	会长	名词
立候補～	りっこうほする	参加竞选，作候选人	动3
障害	しょうがい	残障，障碍；妨碍	名词
困難	こんなん	困难	形容动词
はかり	はかり	秤，天平；权衡	名词
興奮～	こうふんする	兴奋，激动	动3
暮らし	くらし	生活，度日；家境，家道，生计	名词
平原	へいげん	平原	名词
火加減	ひかげん	火候，火头	名词
調節～	ちょうせつする	调节，调剂，调整	动3
忘年会	ぼうねんかい	忘年会，年末聚会	名词
上陸～	じょうりくする	登陆，登岸	动3
油	あぶら	油	名词
定期券	ていきけん	月票，定期车票，定期门票	名词
～加減	～かげん	～程度；有点～
問題点	もんだいてん	疑点，争论点	名词
追いつく	おいつく	赶上，追上；来得及	动1
大声	おおごえ	大声	名词
機内	きない	机舱内，飞机内	名词
知り合う	しりあう	相识，结识	动1
思春期	ししゅんき	青春期	名词
見捨てる	みすてる	抛弃，离弃	动2
承諾	しょうだく	同意，答应，应允，承诺	名词
タイプ	タイプ	类型，类别	名词
一員	いちいん	一员，一分子	名词
手元	てもと	手边，手头	名词
先立つ	さきだつ	在……之前；率先	动1
綿密	めんみつ	细致，周密，详尽	形容动词
見慣れる	みなれる	看惯，看熟	动2
驚き	おどろき	吃惊，惊讶，震惊	名词
郊外	こうがい	郊外，郊区	名词
利点	りてん	好处，长处，优点	名词
補足	ほそく	补充，补足	名词
開始	かいし	开始	名词
水産	すいさん	水产	名词
共通	きょうつう	共同，共通	名词
両国	りょうこく	两国	名词
相互	そうご	相互	名词
代理人	だいりにん	代理人	名词
コメント	コメント	声明，评语，注释	名词
原作	げんさく	原著，原作	名词
スニーカー	スニーカー	旅游鞋，轻便运动鞋	名词
百薬の長	ひゃくやくのちょう	百药之王	名词
劉	りゅう	刘	专有词
アップする	アップする	提高，增高	动3
日中大学	にっちゅうだいがく	日中大学	专有词
高原	たかはら	高原	专有词
南警察署局	みなみけいさつしょ	南公安局	专有词
警察署	けいさつしょ	公安局	名词
山下	やました	山下	专有词
犯罪	はんざい	犯罪	名词
開幕	かいまく	开幕	名词
前夜祭	ぜんやさい	节日前夜的庆祝活动	名词
レオナルド・ダ・ヴィンチ	レオナルド・ダ・ヴィンチ	列奥纳多·达·芬奇	专有词
当館	とうかん	该馆，本馆，这个馆	名词
館長	かんちょう	馆长	名词
儀式	ぎしき	仪式	名词
道理	どうり	道理，情理	名词
インターホン	インターホン	有线对讲机，内线电话	名词
大げさ	おおげさ	夸大，夸张；小题大做	形容动词
従う	したがう	遵守，遵从，服从；跟随	动1
ある程度	あるていど	某种程度，一定程度	惯用语
阪神・淡路大震災	はんしん・あわじだいしんさい	阪神·淡路大地震	专有词
死者	ししゃ	死者，死人	名词
負傷者	ふしょうしゃ	受伤的人，负伤者	名词
地割れ	じわれ	地裂，地面崩裂	名词
火災	かさい	火灾	名词
～島	スマトラとう	苏门答腊岛	专有词
インドネシア	インドネシア	印度尼西亚	专有词
～洋	インドよう	印度洋	专有词
沿岸	えんがん	沿岸，沿海	名词
押し寄せる	おしよせる	涌过来，蜂拥而至	动2
甚大	じんだい	巨大，甚大，很大，非常大	形容动词
もたらす	もたらす	造成，招致，带来，带去	动1
海底	かいてい	海底	名词
构造	プレート	板块（构造）；板，金属板；感光板，底片	名词
岩盤	がんばん	岩盘	名词
別	べつ	其他，另外	名词
押し合う	おしあう	相互推挤，冲撞	动1
圧力	あつりょく	压力	名词
耐える	たえる	承受，忍受，忍耐	动2
一気に	いっきに	一下子，一口气	副词
ずれる	ずれる	错位，错开，移动；背离，偏离	动2
地層	ちそう	地层	名词
ゆがみ	ゆがみ	扭曲，歪曲，歪斜	名词
国土	こくど	国土	名词
境界	きょうかい	境界，边界，疆界	名词
位置～	いちする	位于，位置	动3
科学技術	かがくぎじゅつ	科学技术，科技	名词
予知	よち	预测，预知，预先知晓	名词
高精度	こうせいど	高精度	名词
～棟	～とう	～栋，～幢
テーマパーク	テーマパーク	主题公园	名词
オープンする	オープンする	开张，开业，开放	动3
悲劇	ひげき	悲剧	名词
打ち合う	うちあう	对打，互打	动1
順序	じゅんじょ	顺序	名词
下車～	げしゃする	下车	动3
卒業論文	そつぎょうろんぶん	毕业论文	名词
言い合う	いいあう	互相说；各执一司；争论	动1
穴	あな	空，眼；洞穴；漏洞，缺点	名词
煮込む	にこむ	炖，煮，熬	动1
重ねる	かさねる	反复，多次；摞，叠放	动2
反抗～	はんこうする	反抗	动3
あくまで	あくまで	到底，毕竟，终归	副词
代理	だいり	代理	名词
西	にし	西面，西，西方	名词
落第	らくだい	留级，落选，落第	名词
順序よく	じゅんじょよく	秩序井然，井井有条	惯用语
急落	きゅうらく	暴跌，快速下跌，快速降落	名词
遅れ	おくれ	迟缓，延迟，迟到	名词
団結～	だんけつする	团结	动3
攻める	せめる	进攻，攻击	动2
姿勢	しせい	态度，姿态；姿势	名词
克服～	こくふくする	克服	动3
国産	こくさん	国产	名词
限度	げんど	限度，界限，范围	名词
手がかかる	てがかかる	麻烦，费事	惯用语
金本	かなもと	金本	专有词
新設～	しんせつする	新成立，新设，新设置，新开设	动3
海外事業部	かいがいじぎょうぶ	海外事业部	名词
慰める	なぐさめる	安慰，宽慰；慰问，慰劳	动2
おまえ	おまえ	你	代词
頑固	がんこ	犟，固执，顽固；顽症	形容动词
発つ	たつ	出发，动身；离开	形容词
度胸	どきょう	胆量，胆子	名词
気が変わる	きがかわる	改变主意，改变想法	惯用语
強情	ごうじょう	犟，固执，顽固，倔强	名词
第一印象	だいいちいんしょう	第一印象	名词
狂う	くるう	打乱；发疯，疯狂；失常	动1
知り合い	しりあい	认识的人，朋友；结识	名词
陶器	とうき	陶瓷器，陶器	名词
拭く	ふく	擦，抹，拭，擦拭	动1
定規	じょうぎ	尺子，规尺；尺度	名词
ファスナー	ファスナー	拉链，拉锁	名词
才能	さいのう	才能，才干，才华	名词
平等	びょうどう	平等，同等	名词
抽選	ちゅうせん	抽签，抓阄	名词
開会	かいかい	开幕，开会	名词
物語	ものがたり	故事，传说	名词
モーター	モーター	发动机，引擎	名词
組み立てる	くみたてる	组装，安装，装配	动2
汚れ	よごれ	污渍，污垢，肮脏之处	名词
酢	す	醋	名词
おおざっぱ	おおざっぱ	粗枝大叶，粗心大意，草率；大概，概略	形容动词
真相	しんそう	真相，实情	名词
宿	やど	旅馆，旅店	名词
真っ暗	まっくら	漆黑，黑暗；暗淡	形容动词
四捨五入	ししゃごにゅう	四舍五入	名词
食う	くう	吃；咬，叮；吃饭；侵占	动1
昇進	しょうしん	晋级，升级，高升	名词
思い切る	おもいきる	决心，决意，下狠心	动1
締める	しめる	系，束，系紧；结算	动2
支配～	しはいする	统治，指使，支配；控制	动3
保証～	ほしょうする	保证，担保，打保票	动3
掃除機	そうじき	吸尘器，除尘器	名词
吸い取る	すいとる	摄取，吸收；吮吸	动1
キャッチフレーズ	キャッチフレーズ	广告词，宣传口号	名词
ずうずうしい	ずうずうしい	厚脸皮，无耻，厚颜无耻	形容词
そそっかしい	そそっかしい	粗心大意，马大哈，马虎	形容词
世間	せけん	社会，世上，世人，人世	名词
クモ	クモ	蜘蛛	名词
糸	いと	丝，丝线，线	名词
芥川龍之介	あくたがわりゅうのすけ	芥川龙之介	专有词
蜘蛛の糸	くものいと	《蜘蛛丝》	专有词
罪人	ざいにん	罪人，罪犯，犯人	名词
カンダタ	カンダタ	犍陀多	专有词
はるか	はるか	遥远，久远	形容动词
極楽	ごくらく	极乐世界，天堂	名词
欲	よく	贪欲，欲望，贪心	名词
再び	ふたたび	再次，再	副词
象徴	しょうちょう	象征	名词
支える	ささえる	撑起，支撑；支持	动2
コガネグモ	コガネグモ	黄金蜘蛛	名词
束ねる	たばねる	扎，束，捆；整顿	动2
ロープ	ロープ	绳子，绳索，缆绳	名词
直径	ちょっけい	直径	名词
輪	わ	环，圆圈	名词
ハンモック	ハンモック	吊床	名词
つり下げる	つりさげる	挂，吊，悬挂	动2
自ら	みずから	亲自；自己	副词
ぶらんこ	ぶらんこ	秋千	名词
揺らす	ゆらす	摇晃，晃动	动1
ナイロン	ナイロン	尼龙，锦纶	名词
伸縮	しんしゅく	伸缩	名词
性質	せいしつ	品质，性质	名词
試み	こころみ	尝试，试验	名词
皆無	かいむ	全无，毫无，完全没有	名词
難しさ	むずかしさ	困难，难度	名词
肉食	にくしょく	肉食；吃肉，食肉	名词
えさ	えさ	饵料，饵食；诱饵	名词
縄張り	なわばり	领地，地盘，势力范围	名词
共食い	ともぐい	自相残杀，同类相残，互相残食	名词
構造	こうぞう	构造，结构	名词
分解～	ぶんかいする	分解；拆分，分析	动3
繊維	せんい	纤维	名词
欲を出す	よくをだす	露出贪欲	惯用语
手に入れる	てにいれる	获得，拿到	惯用语
～mm	～ミリ	～毫米
欲張り	よくばり	贪得无厌，贪心，贪欲，贪念	名词
公衆	こうしゅう	公众，公共，大家，普通人	名词
面前	めんぜん	面前，眼前	名词
老後	ろうご	老后，晚年	名词
熱っぽい	ねつっぽい	发烧；热情	形容词
だるい	だるい	乏力；倦懒	形容词
体温	たいおん	体温	名词
交代～	こうたいする	换，更换，更替，换班，轮换	动3
研究会	けんきゅうかい	研讨会，研究会	名词
有人宇宙飛行	ゆうじんうちゅうひこう	载人宇宙飞行	名词
恐れ	おそれ	恐惧，害怕	名词
伝染～	でんせんする	传染	动3
～用紙	コピーようし	复印纸	名词
欲が深い	よくがふかい	欲壑难填，贪欲很重	惯用语
進んで	すすんで	主动地，积极地，自愿地	惯用语
日数	にっすう	天数	名词
現地	げんち	现场；当地	名词
リーダー	リーダー	领导人，指挥者，指导者	名词
SC商事	エスシーしょうじ	SC商业公司	专有词
フリーター	フリーター	自由职业者，无固定工作的人	名词
納品～	のうひんする	交货，缴纳物品	动3
後半	こうはん	后半，后半部分	名词
運動能力	うんどうのうりょく	运动能力，体能	名词
体力	たいりょく	体力	名词
ノーマイカーデー	ノーマイカーデー	无车日	名词
台数	だいすう	台数	名词
そわそわ	そわそわ	慌张，心神不定，坐立不安	副词
告白～	こくはくする	坦白，自白，告白	动3
文句	もんく	意见，异议，牢骚；词句，话语	名词
退社～	たいしゃする	下班；辞职，退职	动3
落ち着く	おちつく	稳定，沉着，安定	动1
励ます	はげます	鼓劲，鼓励，激励	动1
お疲れ様です	おつかれさまです	您辛苦了	惯用语
祝日	しゅくじつ	节日，假日	名词
録音～	ろくおんする	录音	动3
英文	えいぶん	英文，英语	名词
揺れ	ゆれ	晃动，摇晃，震动	名词
お姉ちゃん	おねえちゃん	姐姐	名词
停電～	ていでんする	停电	动3
嫌う	きらう	讨厌，厌烦	动1
美容師	びようし	美容师	名词
半人前	はんにんまえ	半个人，半吊子，半份儿	名词
ごめんなさい	ごめんなさい	不好意思	惯用语
ご苦労様です	ごくろうさまです	你辛苦了，给你添麻烦了	惯用语
しょうがない	しょうがない	不得了，无法，无奈，无可奈何	惯用语
夏物	なつもの	夏服，夏季用品	名词
人事異動	じんじいどう	人事变动，人员调动	名词
気がかり	きがかり	担心，惦念，挂念	形容动词
否決～	ひけつする	否决	动3
プライド	プライド	自尊心，自豪感	名词
傷つく	きずつく	受伤，负伤；受损，受创	动1
トキ	トキ	朱鹮	名词
絶滅	ぜつめつ	灭绝，绝灭	名词
危機	きき	危机	名词
直面～	ちょくめんする	直面，面临，面对	动3
朝鮮半島	ちょうせんはんとう	朝鲜半岛	专有词
東～	ひがしアジア	东亚	专有词
一帯	いったい	地带，一带	名词
分布～	ぶんぷする	分布	动3
乱獲	らんかく	滥捕，乱捕	名词
悪化	あっか	恶化	名词
絶滅危惧種	ぜつめつきぐしゅ	濒危物种，濒临灭绝物种	名词
野生	やせい	野生	名词
生息～	せいそくする	栖息，生息	动3
陝西省	せんせいしょう	陕西省	专有词
西安	せいあん	西安	专有词
洋県	ようけん	洋县	专有词
生息地	せいそくち	栖息地	名词
一時期	いちじき	一度，一段时期	名词
営巣地	えいそうち	筑巢地，筑巢区域，营巢区域	名词
監視	かんし	观察，监视	名词
保護	ほご	保护	名词
取り組む	とりくむ	致力于，埋头于	动1
陝西～救護飼養～	せんせいトキきゅうごしようセンター	陕西朱鹮救护饲养中心	专有词
かたわら	かたわら	一面，一边；旁边	名词
飼育～	しいくする	饲养	动3
啓発	けいはつ	启发，启示	名词
こうした	こうした	这样的，如此的	连接词
支援	しえん	援助，支援	名词
中国～保護支援基金	ちゅうごくトキほごしえんききん	中国朱鹮救护援助基金	专有词
募る	つのる	募集，征募，招募	动1
中国～保護観察団	ちゅうごくトキほごかんさつだん	中国朱鹮救护考察团	专有词
派遣～	はけんする	派遣	动3
観察	かんさつ	观察	名词
深める	ふかめる	加深，深化	动2
時点	じてん	时候，时间	名词
佐渡島	さどがしま	佐渡岛	专有词
佐渡～保護～	さどトキほごセンター	佐渡朱鹮保护中心	专有词
試みる	こころみる	尝试，试验	动2
懸命	けんめい	拼命，竭尽全力	名词
救い	すくい	援助，救援，搭救；挽救	名词
差し伸べる	さしのべる	伸出	动2
江沢民	こうたくみん	江泽民	专有词
際する	さいする	正值，正当	动3
贈呈	ぞうてい	赠送	名词
雄	おす	雄，雄性	名词
友友	ヨウヨウ	友友	专有词
雌	めす	雌，雌性	名词
洋洋	ヤンヤン	洋洋	专有词
～のみ	～のみ	只～，仅～
翌～	よく～	次～，翌～，第二～
断水	だんすい	断水，停水	名词
明け方	あけがた	黎明，拂晓	名词
仕方	しかた	做法，方法，办法	名词
衝突	しょうとつ	撞上，冲突，矛盾	名词
感染～	かんせんする	感染，染上	动3
休校措置	きゅうこうそち	停课措施	名词
山本	やまもと	山本	专有词
コーチ	コーチ	教练，技术指导	名词
審判	しんぱん	裁判（员）；审判，判决	名词
被災地	ひさいち	灾区，受灾区	名词
銀	ぎん	银；银钱；银色	名词
アンテナ	アンテナ	天线	名词
書面	しょめん	书面；书信，信件	名词
本～	ほん～	本～，这～
国境	こっきょう	国境，边境	名词
付近	ふきん	附近	名词
開館～	かいかんする	开馆	动3
三浦	みうら	三浦	专有词
米田	よねだ	米田	专有词
歴史小説	れきししょうせつ	历史小说	名词
中島	なかじま	中岛	专有词
議員	ぎいん	议员	名词
平和活動	へいわかつどう	和平运动	名词
閉鎖～	へいさする	关闭，封闭	动3
愛顧	あいこ	光顾，眷顾，惠顾	名词
社員割引制度	しゃいんわりびきせいど	内部员工折扣制度	名词
割引	わりびき	打折，折扣，减价	名词
郵政公社	ゆうせいこうしゃ	国营邮政公司	专有词
建造物	けんぞうぶつ	建筑物	名词
立ち退き	たちのき	搬迁，搬走；离开，撤退	名词
～可	～か	可～，可以～
～運動	～うんどう	～活动，～运动